Draw Date,Ball 1,Ball 2,Ball 3,Ball 4,Ball 5,Ball 6,Bonus Ball,Draw Machine,Ball Set
,,,,,,,,,
2015/05/30,8,10,16,24,25,44,4,Tsakani,52
,,,,,,,,,
2015/05/27,2,20,22,30,36,43,9,Dimakatso,38
,,,,,,,,,
2015/05/23,6,18,26,30,34,40,15,Tsakani,32
,,,,,,,,,
2015/05/20,12,23,27,31,34,39,49,Dimakatso,47
,,,,,,,,,
2015/05/16,5,22,23,25,40,43,31,Mooinooi,34
,,,,,,,,,
2015/05/13,12,13,17,27,35,37,21,Tsakani,27
,,,,,,,,,
2015/05/09,8,10,11,14,30,48,5,Dimakatso,33
,,,,,,,,,
2015/05/06,3,7,12,16,29,35,34,Tsakani,32
,,,,,,,,,
2015/05/02,3,6,28,35,42,43,1,Dimakatso,27
,,,,,,,,,
2015/04/29,1,19,21,28,34,45,4,Tsakani,45
,,,,,,,,,
2015/04/25,3,4,6,20,25,36,16,Mooinooi,28
,,,,,,,,,
2015/04/22,2,17,19,27,45,49,6,Tsakani,34
,,,,,,,,,
2015/04/18,2,9,18,25,29,34,14,Dimakatso,28
,,,,,,,,,
2015/04/15,17,19,26,34,35,46,3,Dimakatso,37
,,,,,,,,,
2015/04/11,5,6,22,24,32,43,9,Tsakani,32
,,,,,,,,,
2015/04/08,27,29,30,33,45,49,11,Mooinooi,50
,,,,,,,,,
2015/04/04,15,26,27,33,40,45,34,Mooinooi,41
,,,,,,,,,
2015/04/01,14,21,23,33,36,38,9,Dimakatso,41
,,,,,,,,,
2015/03/28,10,11,18,24,40,46,14,Dimakatso,55
,,,,,,,,,
2015/03/25,3,5,17,37,47,49,8,Tsakani,50
,,,,,,,,,
2015/03/21,6,13,21,24,38,48,45,Tsakani,55
,,,,,,,,,
2015/03/18,6,8,20,23,35,39,47,Dimakatso,54
,,,,,,,,,
2015/03/14,17,22,23,26,30,40,41,Mooinooi,41
,,,,,,,,,
2015/03/11,4,18,20,22,33,46,1,Mooinooi,54
,,,,,,,,,
2015/03/07,8,17,22,31,41,43,16,Tsakani,32
,,,,,,,,,
2015/03/04,13,18,20,29,33,43,27,Dimakatso,55
,,,,,,,,,
2015/02/28,7,9,17,18,27,35,44,Tsakani,39
,,,,,,,,,
2015/02/25,14,15,32,33,34,39,20,Tsakani,29
,,,,,,,,,
2015/02/21,5,27,40,41,42,46,8,Dimakatso,35
,,,,,,,,,
2015/02/18,2,4,19,34,45,47,29,Dimakatso,49
,,,,,,,,,
2015/02/14,6,32,33,38,40,49,35,Mooinooi,37
,,,,,,,,,
2015/02/11,28,32,41,43,46,49,48,Mooinooi,35
,,,,,,,,,
2015/02/07,4,15,20,30,38,42,12,Dimakatso,34
,,,,,,,,,
2015/02/04,7,8,11,16,30,44,43,Dimakatso,29
,,,,,,,,,
2015/01/31,7,9,11,15,19,26,32,Tsakani,35
,,,,,,,,,
2015/01/28,7,30,31,39,42,44,46,Tsakani,34
,,,,,,,,,
2015/01/24,6,17,27,30,40,43,11,Mooinooi,33
,,,,,,,,,
2015/01/21,9,24,27,31,34,36,2,Tsakani,45
,,,,,,,,,
2015/01/17,4,6,13,22,31,36,41,Tsakani,53
,,,,,,,,,
2015/01/14,9,11,13,16,28,41,17,Tsakani,34
,,,,,,,,,
2015/01/10,15,25,27,38,41,43,40,Mooinooi,51
,,,,,,,,,
2015/01/07,4,5,29,33,43,49,1,Mooinooi,54
,,,,,,,,,
2015/01/03,8,13,22,25,27,39,11,Dimakatso,55
,,,,,,,,,
2014/12/31,1,12,14,24,45,47,43,Mooinooi,51
,,,,,,,,,
2014/12/27,15,20,24,27,37,43,17,Tsakani,28
,,,,,,,,,
2014/12/24,16,19,27,37,38,44,46,Mooinooi,38
,,,,,,,,,
2014/12/20,10,13,34,35,39,41,33,Tsakani,27
,,,,,,,,,
2014/12/17,2,16,23,25,29,40,18,Tsakani,28
,,,,,,,,,
2014/12/13,4,9,12,26,32,39,43,Mooinooi,33
,,,,,,,,,
2014/12/10,5,10,16,17,36,42,32,Dimakatso,53
,,,,,,,,,
2014/12/06,4,9,23,39,40,48,7,Mooinooi,40
,,,,,,,,,
2014/12/03,13,15,26,28,38,48,2,Mooinooi,54
,,,,,,,,,
2014/11/29,9,24,28,36,40,45,31,Dimakatso,49
,,,,,,,,,
2014/11/26,1,3,16,17,29,48,23,Tsakani,45
,,,,,,,,,
2014/11/22,7,18,29,39,44,45,37,Tsakani,54
,,,,,,,,,
2014/11/19,3,10,16,27,42,47,41,Tsakani,49
,,,,,,,,,
2014/11/15,5,15,25,34,40,46,43,Mooinooi,53
,,,,,,,,,
2014/11/12,2,8,14,25,35,39,33,Mooinooi,41
,,,,,,,,,
2014/11/08,5,8,17,43,47,49,30,Dimakatso,35
,,,,,,,,,
2014/11/05,1,8,9,14,29,32,27,Tsakani,28
,,,,,,,,,
2014/11/01,16,24,25,30,36,39,38,Mooinooi,34
,,,,,,,,,
2014/10/29,12,16,17,25,31,33,4,Mooinooi,33
,,,,,,,,,
2014/10/25,11,14,36,40,46,48,1,Tsakani,32
,,,,,,,,,
2014/10/22,7,13,16,21,24,32,28,Mooinooi,47
,,,,,,,,,
2014/10/18,3,4,11,24,30,48,22,Tsakani,54
,,,,,,,,,
2014/10/15,14,22,26,28,44,49,39,Dimakatso,47
,,,,,,,,,
2014/10/11,7,8,18,35,40,42,23,Tsakani,52
,,,,,,,,,
2014/10/08,11,13,26,30,44,45,46,Dimakatso,29
,,,,,,,,,
2014/10/04,10,15,16,25,27,38,29,Tsakani,53
,,,,,,,,,
2014/10/01,11,17,26,36,46,49,40,Tsakani,40
,,,,,,,,,
2014/09/27,3,12,13,29,33,40,39,Mooinooi,48
,,,,,,,,,
2014/09/24,5,7,17,27,31,48,30,Dimakatso,29
,,,,,,,,,
2014/09/20,10,28,29,30,36,48,31,Dimakatso,43
,,,,,,,,,
2014/09/17,14,15,28,29,38,49,7,Mooinooi,50
,,,,,,,,,
2014/09/13,1,13,21,45,48,49,18,Tsakani,34
,,,,,,,,,
2014/09/10,4,8,16,34,38,42,18,Dimakatso,29
,,,,,,,,,
2014/09/06,5,10,29,30,32,49,15,Dimakatso,41
,,,,,,,,,
2014/09/03,12,15,16,28,41,46,1,Tsakani,54
,,,,,,,,,
2014/08/30,2,5,14,18,19,33,16,Mooinooi,27
,,,,,,,,,
2014/08/27,9,15,21,28,29,47,48,Mooinooi,37
,,,,,,,,,
2014/08/23,1,3,32,39,45,47,22,Mooinooi,29
,,,,,,,,,
2014/08/20,3,4,22,35,39,47,10,Mooinooi,53
,,,,,,,,,
2014/08/16,1,10,11,14,29,45,3,Dimakatso,27
,,,,,,,,,
2014/08/13,4,8,26,31,43,46,9,Dimakatso,49
,,,,,,,,,
2014/08/09,4,11,30,36,38,47,31,Mooinooi,34
,,,,,,,,,
2014/08/06,6,15,17,30,40,42,41,Tsakani,53
,,,,,,,,,
2014/08/02,5,7,16,27,34,41,24,Tsakani,33
,,,,,,,,,
2014/07/30,2,9,17,22,32,34,10,Dimakatso,45
,,,,,,,,,
2014/07/26,10,33,39,45,46,47,35,Dimakatso,38
,,,,,,,,,
2014/07/23,2,30,35,37,43,44,22,Dimakatso,27
,,,,,,,,,
2014/07/19,1,11,28,36,37,43,12,Mooinooi,33
,,,,,,,,,
2014/07/16,15,18,25,28,38,44,11,Dimakatso,29
,,,,,,,,,
2014/07/12,7,11,14,21,28,45,35,Mooinooi,28
,,,,,,,,,
2014/07/09,19,25,39,41,44,48,16,Tsakani,47
,,,,,,,,,
2014/07/05,3,4,5,22,35,40,24,Mooinooi,34
,,,,,,,,,
2014/07/02,3,5,6,21,35,49,29,Tsakani,37
,,,,,,,,,
2014/06/28,3,7,12,18,28,36,14,Tsakani,29
,,,,,,,,,
2014/06/25,4,24,34,36,43,49,9,Tsakani,50
,,,,,,,,,
2014/06/21,2,5,8,16,36,38,17,Mooinooi,52
,,,,,,,,,
2014/06/18,1,3,18,32,34,47,8,Mooinooi,32
,,,,,,,,,
2014/06/14,12,25,28,37,40,48,3,Mooinooi,47
,,,,,,,,,
2014/06/11,19,28,34,35,38,44,31,Dimakatso,32
,,,,,,,,,
2014/06/07,7,8,24,30,37,48,22,Dimakatso,43
,,,,,,,,,
2014/06/04,16,23,26,39,44,45,35,Dimakatso,34
,,,,,,,,,
2014/05/31,5,8,15,16,28,29,39,Dimakatso,28
,,,,,,,,,
2014/05/28,6,8,16,26,28,37,49,Mooinooi,32
,,,,,,,,,
2014/05/24,2,3,14,15,23,34,8,Mooinooi,33
,,,,,,,,,
2014/05/21,3,11,19,20,23,44,6,Tsakani,52
,,,,,,,,,
2014/05/17,3,4,25,29,33,45,24,Tsakani,50
,,,,,,,,,
2014/05/14,9,12,18,20,32,34,31,Dimakatso,41
,,,,,,,,,
2014/05/10,1,5,7,28,34,41,49,Dimakatso,41
,,,,,,,,,
2014/05/07,9,15,19,22,48,49,10,Mooinooi,28
,,,,,,,,,
2014/05/03,13,14,22,26,30,34,48,Dimakatso,37
,,,,,,,,,
2014/04/30,18,20,21,26,35,45,25,Tsakani,47
,,,,,,,,,
2014/04/26,21,28,30,35,39,41,37,Tsakani,53
,,,,,,,,,
2014/04/23,14,20,26,39,42,48,3,Dimakatso,32
,,,,,,,,,
2014/04/19,9,20,23,33,38,44,39,Mooinooi,28
,,,,,,,,,
2014/04/16,12,13,23,35,36,49,6,Mooinooi,40
,,,,,,,,,
2014/04/12,14,18,32,35,37,45,9,Mooinooi,51
,,,,,,,,,
2014/04/09,1,2,22,25,27,36,15,Mooinooi,50
,,,,,,,,,
2014/04/05,16,17,33,34,44,45,2,Tsakani,53
,,,,,,,,,
2014/04/02,9,11,14,33,37,48,31,Dimakatso,38
,,,,,,,,,
2014/03/29,9,13,17,30,36,45,40,Dimakatso,54
,,,,,,,,,
2014/03/26,3,23,30,36,37,44,49,Tsakani,41
,,,,,,,,,
2014/03/22,16,32,35,37,42,47,49,Mooinooi,35
,,,,,,,,,
2014/03/19,2,9,21,29,42,47,3,Mooinooi,50
,,,,,,,,,
2014/03/15,3,6,23,28,30,38,32,Mooinooi,53
,,,,,,,,,
2014/03/12,1,31,35,42,45,46,18,Mooinooi,38
,,,,,,,,,
2014/03/08,6,9,24,40,48,49,21,Mooinooi,49
,,,,,,,,,
2014/03/05,4,20,23,30,33,34,42,Mooinooi,35
,,,,,,,,,
2014/03/01,8,13,21,37,43,47,14,Mooinooi,52
,,,,,,,,,
2014/02/26,7,18,34,39,41,42,23,Dimakatso,48
,,,,,,,,,
2014/02/22,2,3,9,15,18,31,25,Tsakani,51
,,,,,,,,,
2014/02/19,1,2,23,28,37,41,10,Mooinooi,48
,,,,,,,,,
2014/02/15,3,16,32,33,44,48,43,Tsakani,37
,,,,,,,,,
2014/02/12,6,11,23,28,45,47,33,Mooinooi,28
,,,,,,,,,
2014/02/08,8,16,32,34,38,42,11,Mooinooi,35
,,,,,,,,,
2014/02/05,2,18,24,25,37,38,28,Tsakani,32
,,,,,,,,,
2014/02/01,7,39,42,43,44,47,13,Dimakatso,37
,,,,,,,,,
2014/01/29,2,13,15,36,40,43,23,Tsakani,38
,,,,,,,,,
2014/01/25,7,14,27,29,36,48,23,Tsakani,34
,,,,,,,,,
2014/01/22,1,2,18,28,33,48,43,Tsakani,33
,,,,,,,,,
2014/01/18,13,19,28,29,37,39,25,Tsakani,29
,,,,,,,,,
2014/01/15,3,13,19,27,28,38,25,Mooinooi,33
,,,,,,,,,
2014/01/11,4,14,26,34,39,49,10,Tsakani,34
,,,,,,,,,
2014/01/08,3,14,22,29,48,49,18,Dimakatso,39
,,,,,,,,,
2014/01/04,13,20,22,24,46,48,35,Dimakatso,33
,,,,,,,,,
2014/01/01,12,16,18,35,36,43,17,Mooinooi,40
,,,,,,,,,
2013/12/28,1,26,27,35,45,48,47,Tsakani,33
,,,,,,,,,
2013/12/21,28,33,34,43,46,48,23,Dimakatso,40
,,,,,,,,,
2013/12/18,4,6,9,16,20,31,32,Dimakatso,35
,,,,,,,,,
2013/12/14,14,18,21,27,35,48,44,Mooinooi,28
,,,,,,,,,
2013/12/11,5,24,29,38,40,49,19,Mooinooi,29
,,,,,,,,,
2013/12/07,15,26,27,28,30,39,5,Mooinooi,39
,,,,,,,,,
2013/12/04,3,6,7,11,15,48,30,Tsakani,37
,,,,,,,,,
2013/11/30,3,4,9,21,27,31,49,Dimakatso,54
,,,,,,,,,
2013/11/27,1,13,19,23,27,42,36,Mooinooi,39
,,,,,,,,,
2013/11/23,4,19,29,34,40,45,18,Mooinooi,54
,,,,,,,,,
2013/11/20,4,8,9,12,43,49,26,Tsakani,43
,,,,,,,,,
2013/11/16,16,18,37,42,43,45,29,Dimakatso,48
,,,,,,,,,
2013/11/13,1,18,33,36,38,41,3,Tsakani,47
,,,,,,,,,
2013/11/09,8,9,11,12,23,38,29,Tsakani,40
,,,,,,,,,
2013/11/06,17,20,32,36,37,41,42,Tsakani,43
,,,,,,,,,
2013/11/02,1,7,13,25,30,46,24,Tsakani,40
,,,,,,,,,
2013/10/30,11,23,25,28,34,37,26,Tsakani,43
,,,,,,,,,
2013/10/26,7,9,10,11,46,48,34,Tsakani,41
,,,,,,,,,
2013/10/23,14,18,24,31,38,46,2,Tsakani,33
,,,,,,,,,
2013/10/19,1,19,33,38,41,42,13,Tsakani,28
,,,,,,,,,
2013/10/16,27,31,39,40,44,45,15,Tsakani,38
,,,,,,,,,
2013/10/12,6,17,21,31,34,36,47,Tsakani,41
,,,,,,,,,
2013/10/09,7,8,12,24,30,39,48,Mooinooi,35
,,,,,,,,,
2013/10/05,2,8,14,15,41,43,25,Dimakatso,32
,,,,,,,,,
2013/10/02,3,8,22,27,30,45,6,Tsakani,33
,,,,,,,,,
2013/09/28,1,9,15,16,21,47,18,Dimakatso,52
,,,,,,,,,
2013/09/25,3,9,13,20,40,41,15,Mooinooi,27
,,,,,,,,,
2013/09/21,1,20,33,37,41,45,44,Tsakani,34
,,,,,,,,,
2013/09/18,3,9,11,25,35,36,2,Dimakatso,53
,,,,,,,,,
2013/09/14,7,14,16,27,42,43,10,Tsakani,28
,,,,,,,,,
2013/09/11,1,2,3,30,33,45,36,Mooinooi,41
,,,,,,,,,
2013/09/07,13,16,29,35,41,43,10,Mooinooi,33
,,,,,,,,,
2013/09/04,5,10,17,18,23,40,8,Dimakatso,29
,,,,,,,,,
2013/08/31,7,8,19,24,41,47,1,Mooinooi,34
,,,,,,,,,
2013/08/28,17,21,23,29,30,45,44,Dimakatso,38
,,,,,,,,,
2013/08/24,5,22,29,35,36,40,21,Dimakatso,32
,,,,,,,,,
2013/08/21,11,22,23,25,34,41,29,Tsakani,35
,,,,,,,,,
2013/08/17,15,16,17,25,26,46,13,Mooinooi,50
,,,,,,,,,
2013/08/14,18,20,21,32,33,35,6,Tsakani,37
,,,,,,,,,
2013/08/10,4,5,16,18,38,40,35,Mooinooi,50
,,,,,,,,,
2013/08/07,7,12,21,34,41,46,23,Mooinooi,45
,,,,,,,,,
2013/08/03,13,18,19,23,33,41,4,Tsakani,27
,,,,,,,,,
2013/07/31,6,9,18,22,28,39,7,Mooinooi,28
,,,,,,,,,
2013/07/27,18,19,31,34,40,42,48,Mooinooi,45
,,,,,,,,,
2013/07/24,12,21,22,24,34,41,49,Tsakani,50
,,,,,,,,,
2013/07/20,3,17,26,35,43,45,8,Dimakatso,38
,,,,,,,,,
2013/07/17,2,5,10,15,41,49,24,Dimakatso,43
,,,,,,,,,
2013/07/13,8,19,25,32,45,48,36,Tsakani,38
,,,,,,,,,
2013/07/10,8,9,21,37,40,46,20,Dimakatso,45
,,,,,,,,,
2013/07/06,8,11,25,29,40,48,28,Tsakani,29
,,,,,,,,,
2013/07/03,2,6,26,29,31,37,24,Tsakani,33
,,,,,,,,,
2013/06/29,6,8,17,28,37,49,27,Mooinooi,28
,,,,,,,,,
2013/06/26,1,9,11,12,13,25,42,Tsakani,35
,,,,,,,,,
2013/06/22,3,21,36,42,43,44,27,Tsakani,27
,,,,,,,,,
2013/06/19,20,23,26,27,44,46,5,Tsakani,37
,,,,,,,,,
2013/06/15,5,16,17,44,45,48,19,Tsakani,29
,,,,,,,,,
2013/06/12,11,19,23,27,33,37,32,Tsakani,33
,,,,,,,,,
2013/06/08,2,18,23,36,43,46,9,Mooinooi,27
,,,,,,,,,
2013/06/05,5,13,17,27,47,49,34,Mooinooi,40
,,,,,,,,,
2013/06/01,1,5,12,17,22,43,36,Mooinooi,41
,,,,,,,,,
2013/05/29,14,15,24,33,34,36,11,Dimakatso,35
,,,,,,,,,
2013/05/25,15,23,27,36,41,49,37,Mooinooi,33
,,,,,,,,,
2013/05/22,10,18,19,22,30,48,34,Tsakani,41
,,,,,,,,,
2013/05/18,3,8,15,19,35,45,23,Dimakatso,39
,,,,,,,,,
2013/05/15,8,21,26,27,34,43,10,Tsakani,41
,,,,,,,,,
2013/05/11,8,26,27,35,42,49,39,Mooinooi,34
,,,,,,,,,
2013/05/08,5,7,8,21,28,40,26,Dimakatso,40
,,,,,,,,,
2013/05/04,2,39,40,45,46,47,15,Dimakatso,39
,,,,,,,,,
2013/05/01,9,32,33,39,46,47,42,Tsakani,43
,,,,,,,,,
2013/04/27,4,5,9,11,39,40,22,Tsakani,40
,,,,,,,,,
2013/04/24,1,3,4,23,40,42,8,Mooinooi,29
,,,,,,,,,
2013/04/20,3,8,12,14,23,37,21,Dimakatso,51
,,,,,,,,,
2013/04/17,1,8,27,33,45,49,5,Tsakani,45
,,,,,,,,,
2013/04/13,10,12,35,40,47,49,19,Tsakani,41
,,,,,,,,,
2013/04/10,3,10,12,41,46,47,27,Mooinooi,28
,,,,,,,,,
2013/04/06,12,22,24,25,36,37,44,Tsakani,40
,,,,,,,,,
2013/04/03,6,16,31,32,42,48,5,Mooinooi,33
,,,,,,,,,
2013/03/30,17,30,33,36,38,46,1,Tsakani,28
,,,,,,,,,
2013/03/27,6,17,19,31,42,43,9,Dimakatso,50
,,,,,,,,,
2013/03/23,5,17,26,29,34,44,13,Tsakani,28
,,,,,,,,,
2013/03/20,5,18,28,31,43,49,30,Tsakani,43
,,,,,,,,,
2013/03/16,2,12,23,29,37,47,40,Tsakani,51
,,,,,,,,,
2013/03/13,12,27,30,33,37,40,47,Tsakani,34
,,,,,,,,,
2013/03/09,2,16,33,38,42,48,7,Tsakani,28
,,,,,,,,,
2013/03/06,28,29,40,42,43,44,12,Tsakani,48
,,,,,,,,,
2013/03/02,1,14,15,39,41,43,26,Dimakatso,28
,,,,,,,,,
2013/02/27,17,21,22,30,31,32,23,Tsakani,33
,,,,,,,,,
2013/02/23,4,9,21,39,41,43,26,Tsakani,45
,,,,,,,,,
2013/02/20,11,15,21,22,30,34,36,Tsakani,55
,,,,,,,,,
2013/02/16,8,17,18,23,43,45,44,Mooinooi,34
,,,,,,,,,
2013/02/13,2,15,43,46,47,48,12,Tsakani,32
,,,,,,,,,
2013/02/09,12,26,27,30,33,39,5,Dimakatso,27
,,,,,,,,,
2013/02/06,8,18,20,25,37,38,5,Dimakatso,37
,,,,,,,,,
2013/02/02,1,10,16,27,30,35,18,Tsakani,28
,,,,,,,,,
2013/01/30,3,4,16,26,28,30,37,Mooinooi,32
,,,,,,,,,
2013/01/26,4,31,36,39,41,44,12,Dimakatso,27
,,,,,,,,,
2013/01/23,2,3,25,35,38,39,44,Mooinooi,29
,,,,,,,,,
2013/01/19,7,15,23,28,29,49,2,Mooinooi,52
,,,,,,,,,
2013/01/16,3,12,21,26,33,46,32,Tsakani,38
,,,,,,,,,
2013/01/12,2,5,21,30,36,41,44,Tsakani,38
,,,,,,,,,
2013/01/09,14,16,17,18,21,29,2,Tsakani,29
,,,,,,,,,
2013/01/05,8,9,10,14,15,27,42,Dimakatso,28
,,,,,,,,,
2013/01/02,5,10,19,24,32,39,40,Mandlakazi,45
,,,,,,,,,
2012/12/29,1,3,8,17,20,22,29,Mandlakazi,32
,,,,,,,,,
2012/12/26,6,17,27,41,46,48,29,Dimakatso,34
,,,,,,,,,
2012/12/22,4,15,24,34,40,47,2,Tsakani,43
,,,,,,,,,
2012/12/19,14,33,34,42,47,48,5,Mandlakazi,35
,,,,,,,,,
2012/12/15,2,17,32,39,47,49,48,Mandlakazi,28
,,,,,,,,,
2012/12/12,3,7,16,19,28,43,20,Tsakani,27
,,,,,,,,,
2012/12/08,2,11,14,19,43,47,45,Tsakani,35
,,,,,,,,,
2012/12/05,5,8,14,30,32,40,11,Tsakani,33
,,,,,,,,,
2012/12/01,6,11,16,30,33,35,39,Dimakatso,50
,,,,,,,,,
2012/11/28,2,10,28,29,35,43,41,Tsakani,51
,,,,,,,,,
2012/11/24,7,11,13,21,22,24,17,Mandlakazi,49
,,,,,,,,,
2012/11/21,18,21,28,30,35,39,19,Mandlakazi,49
,,,,,,,,,
2012/11/17,3,4,8,21,33,34,22,Dimakatso,40
,,,,,,,,,
2012/11/14,1,13,28,31,40,49,37,Tsakani,39
,,,,,,,,,
2012/11/10,19,29,33,35,39,45,34,Mandlakazi,33
,,,,,,,,,
2012/11/07,3,8,17,18,37,44,12,Mandlakazi,48
,,,,,,,,,
2012/11/03,7,8,20,28,41,42,14,Mandlakazi,54
,,,,,,,,,
2012/10/31,3,5,13,14,25,27,19,Mandlakazi,45
,,,,,,,,,
2012/10/27,1,3,6,7,10,38,19,Tsakani,50
,,,,,,,,,
2012/10/24,7,16,20,24,33,41,29,Mandlakazi,28
,,,,,,,,,
2012/10/20,1,2,22,31,40,44,17,Tsakani,35
,,,,,,,,,
2012/10/17,6,14,20,26,30,42,44,Mandlakazi,55
,,,,,,,,,
2012/10/13,10,11,16,18,24,37,19,Dimakatso,54
,,,,,,,,,
2012/10/10,8,13,14,25,35,37,20,Tsakani,51
,,,,,,,,,
2012/10/06,7,13,21,27,36,39,24,Mandlakazi,40
,,,,,,,,,
2012/10/03,8,12,25,33,35,36,30,Tsakani,37
,,,,,,,,,
2012/09/29,7,24,34,35,39,46,44,Mandlakazi,47
,,,,,,,,,
2012/09/26,1,6,17,20,23,29,47,Dimakatso,33
,,,,,,,,,
2012/09/22,1,4,5,13,18,43,22,Dimakatso,40
,,,,,,,,,
2012/09/19,1,12,35,46,47,49,13,Dimakatso,55
,,,,,,,,,
2012/09/15,12,15,24,33,40,47,30,Tsakani,49
,,,,,,,,,
2012/09/12,15,18,27,28,29,46,13,Dimakatso,54
,,,,,,,,,
2012/09/08,5,12,17,29,39,42,27,Mandlakazi,48
,,,,,,,,,
2012/09/05,4,6,7,16,35,49,26,Dimakatso,47
,,,,,,,,,
2012/09/01,9,17,24,26,35,41,11,Tsakani,40
,,,,,,,,,
2012/08/29,3,12,15,24,36,43,21,Tsakani,27
,,,,,,,,,
2012/08/25,2,5,12,13,22,35,33,Dimakatso,29
,,,,,,,,,
2012/08/22,19,22,29,35,48,49,36,Mandlakazi,27
,,,,,,,,,
2012/08/18,2,23,30,44,46,47,28,Mandlakazi,40
,,,,,,,,,
2012/08/15,1,5,15,16,18,20,12,Mandlakazi,33
,,,,,,,,,
2012/08/11,2,11,12,22,27,37,9,Dimakatso,28
,,,,,,,,,
2012/08/08,16,18,22,24,30,40,48,Tsakani,34
,,,,,,,,,
2012/08/04,5,17,18,24,28,42,2,Tsakani,38
,,,,,,,,,
2012/08/01,6,11,12,22,44,48,37,Mandlakazi,29
,,,,,,,,,
2012/07/28,6,26,29,33,35,38,39,Tsakani,55
,,,,,,,,,
2012/07/25,20,24,30,40,41,44,21,Dimakatso,28
,,,,,,,,,
2012/07/21,5,7,30,31,32,48,13,Dimakatso,35
,,,,,,,,,
2012/07/18,2,7,12,25,30,39,13,Dimakatso,32
,,,,,,,,,
2012/07/14,12,20,22,27,40,44,7,Tsakani,45
,,,,,,,,,
2012/07/11,4,8,21,31,33,48,7,Dimakatso,38
,,,,,,,,,
2012/07/07,6,11,26,28,29,43,35,Mandlakazi,45
,,,,,,,,,
2012/07/04,7,10,16,21,31,48,38,Dimakatso,27
,,,,,,,,,
2012/06/30,5,8,15,17,25,44,7,Tsakani,32
,,,,,,,,,
2012/06/27,15,24,27,39,46,49,18,Tsakani,33
,,,,,,,,,
2012/06/23,11,16,23,24,36,48,45,Dimakatso,37
,,,,,,,,,
2012/06/20,24,25,27,28,29,46,1,Dimakatso,41
,,,,,,,,,
2012/06/16,8,17,19,21,39,44,31,Dimakatso,50
,,,,,,,,,
2012/06/13,9,14,16,20,41,43,13,Dimakatso,48
,,,,,,,,,
2012/06/09,9,11,15,26,40,48,17,Mandlakazi,51
,,,,,,,,,
2012/06/06,6,17,24,32,34,49,26,Mandlakazi,38
,,,,,,,,,
2012/06/02,4,10,31,33,36,37,29,Dimakatso,37
,,,,,,,,,
2012/05/30,3,20,22,34,38,46,12,Mandlakazi,54
,,,,,,,,,
2012/05/26,2,13,24,34,40,47,6,Dimakatso,27
,,,,,,,,,
2012/05/23,3,6,11,16,29,42,31,Dimakatso,28
,,,,,,,,,
2012/05/19,8,14,16,18,40,41,11,Dimakatso,54
,,,,,,,,,
2012/05/16,6,12,32,37,39,43,34,Mandlakazi,43
,,,,,,,,,
2012/05/12,5,24,29,33,40,47,14,Tsakani,38
,,,,,,,,,
2012/05/09,18,22,35,39,41,43,26,Mandlakazi,34
,,,,,,,,,
2012/05/05,3,13,17,27,28,48,1,Tsakani,49
,,,,,,,,,
2012/05/02,9,25,28,35,41,46,20,Mandlakazi,45
,,,,,,,,,
2012/04/28,14,26,32,42,44,48,20,Dimakatso,40
,,,,,,,,,
2012/04/25,6,28,40,43,45,47,3,Dimakatso,32
,,,,,,,,,
2012/04/21,6,8,9,22,25,40,11,Dimakatso,55
,,,,,,,,,
2012/04/18,1,3,4,12,13,23,11,Dimakatso,28
,,,,,,,,,
2012/04/14,4,5,17,27,43,49,13,Mooinooi,29
,,,,,,,,,
2012/04/11,9,15,27,32,36,44,8,Mooinooi,27
,,,,,,,,,
2012/04/07,9,13,31,34,42,43,27,Mandlakazi,45
,,,,,,,,,
2012/04/04,7,9,12,19,35,46,10,Mooinooi,50
,,,,,,,,,
2012/03/31,2,19,22,30,32,48,18,Mooinooi,38
,,,,,,,,,
2012/03/28,4,6,8,10,35,40,3,Mandlakazi,47
,,,,,,,,,
2012/03/24,2,15,16,17,18,47,4,Mooinooi,43
,,,,,,,,,
2012/03/21,14,15,21,35,47,48,20,Dimakatso,49
,,,,,,,,,
2012/03/17,13,14,18,43,47,48,32,Mandlakazi,39
,,,,,,,,,
2012/03/14,2,17,24,26,28,40,13,Dimakatso,29
,,,,,,,,,
2012/03/10,7,15,35,39,40,44,10,Dimakatso,48
,,,,,,,,,
2012/03/07,14,21,27,29,44,47,26,Dimakatso,50
,,,,,,,,,
2012/03/03,9,15,20,29,33,41,3,Mooinooi,37
,,,,,,,,,
2012/02/29,6,12,13,24,34,35,37,Dimakatso,55
,,,,,,,,,
2012/02/25,3,10,15,23,33,38,41,Dimakatso,32
,,,,,,,,,
2012/02/22,6,19,32,38,39,46,41,Dimakatso,33
,,,,,,,,,
2012/02/18,2,28,29,30,32,40,14,Mandlakazi,29
,,,,,,,,,
2012/02/15,11,13,17,21,31,38,8,Mandlakazi,28
,,,,,,,,,
2012/02/11,4,8,19,38,43,45,32,Dimakatso,35
,,,,,,,,,
2012/02/08,1,4,12,15,42,44,21,Dimakatso,27
,,,,,,,,,
2012/02/04,9,24,34,37,44,46,4,Dimakatso,45
,,,,,,,,,
2012/02/01,9,11,12,20,31,34,13,Mooinooi,33
,,,,,,,,,
2012/01/28,4,5,8,13,25,39,28,Dimakatso,48
,,,,,,,,,
2012/01/25,5,10,17,23,37,45,15,Dimakatso,37
,,,,,,,,,
2012/01/21,5,6,25,34,36,39,33,Mandlakazi,49
,,,,,,,,,
2012/01/18,21,24,31,33,40,45,4,Mandlakazi,38
,,,,,,,,,
2012/01/14,2,6,9,30,37,40,19,Dimakatso,51
,,,,,,,,,
2012/01/11,3,4,10,14,32,33,25,Mandlakazi,45
,,,,,,,,,
2012/01/07,5,7,11,20,27,36,49,Dimakatso,27
,,,,,,,,,
2012/01/04,3,30,33,36,45,46,26,Dimakatso,28
,,,,,,,,,
2011/12/31,2,7,13,18,24,49,28,Mooinooi,51
,,,,,,,,,
2011/12/28,5,6,7,8,19,21,48,Mandlakazi,27
,,,,,,,,,
2011/12/24,25,26,29,37,39,42,12,Dimakatso,50
,,,,,,,,,
2011/12/21,15,20,22,29,36,48,37,Mooinooi,32
,,,,,,,,,
2011/12/17,25,26,29,31,35,47,22,Mooinooi,47
,,,,,,,,,
2011/12/14,4,19,36,37,38,48,15,Mooinooi,43
,,,,,,,,,
2011/12/10,22,28,32,44,46,47,33,Mandlakazi,44
,,,,,,,,,
2011/12/07,4,8,20,21,39,44,36,Mooinooi,40
,,,,,,,,,
2011/12/03,6,21,29,31,34,39,3,Mooinooi,54
,,,,,,,,,
2011/11/30,3,25,29,35,44,48,17,Dimakatso,49
,,,,,,,,,
2011/11/26,2,6,7,11,23,45,27,Mooinooi,32
,,,,,,,,,
2011/11/23,8,19,27,33,39,47,46,Dimakatso,34
,,,,,,,,,
2011/11/19,1,24,30,40,43,44,13,Dimakatso,28
,,,,,,,,,
2011/11/16,7,11,28,35,43,44,46,Mandlakazi,50
,,,,,,,,,
2011/11/12,2,8,14,33,41,46,4,Mandlakazi,38
,,,,,,,,,
2011/11/09,1,13,14,17,29,41,24,Mandlakazi,28
,,,,,,,,,
2011/11/05,5,16,33,36,39,40,41,Mooinooi,33
,,,,,,,,,
2011/11/02,10,11,12,20,34,39,36,Mooinooi,37
,,,,,,,,,
2011/10/29,3,5,11,13,14,34,42,Mandlakazi,29
,,,,,,,,,
2011/10/26,6,18,22,27,29,41,3,Mooinooi,27
,,,,,,,,,
2011/10/22,6,10,15,27,33,39,36,Mandlakazi,38
,,,,,,,,,
2011/10/19,2,11,20,39,44,45,33,Mandlakazi,37
,,,,,,,,,
2011/10/15,22,23,26,29,35,41,43,Mooinooi,52
,,,,,,,,,
2011/10/12,2,8,9,19,25,47,13,Dimakatso,53
,,,,,,,,,
2011/10/08,11,12,24,25,38,43,36,Dimakatso,47
,,,,,,,,,
2011/10/05,5,15,21,29,38,47,37,Dimakatso,28
,,,,,,,,,
2011/10/01,11,13,15,16,20,25,29,Mandlakazi,45
,,,,,,,,,
2011/09/28,6,16,21,38,41,48,44,Dimakatso,51
,,,,,,,,,
2011/09/24,9,10,22,28,32,49,48,Mooinooi,40
,,,,,,,,,
2011/09/21,10,19,26,27,30,36,15,Mooinooi,34
,,,,,,,,,
2011/09/17,2,4,5,8,16,29,23,Mooinooi,52
,,,,,,,,,
2011/09/14,8,12,15,44,46,47,35,Mandlakazi,53
,,,,,,,,,
2011/09/10,2,5,13,24,26,31,12,Mandlakazi,28
,,,,,,,,,
2011/09/07,7,15,23,24,43,47,31,Mandlakazi,37
,,,,,,,,,
2011/09/03,2,8,12,31,47,49,5,Mandlakazi,48
,,,,,,,,,
2011/08/31,16,20,25,32,38,44,21,Mooinooi,32
,,,,,,,,,
2011/08/27,13,16,32,36,44,45,10,Mandlakazi,50
,,,,,,,,,
2011/08/24,3,18,21,31,42,45,25,Dimakatso,52
,,,,,,,,,
2011/08/20,3,26,28,41,42,45,46,Dimakatso,55
,,,,,,,,,
2011/08/17,1,2,20,21,42,49,5,Mooinooi,40
,,,,,,,,,
2011/08/13,11,20,22,23,28,33,47,Mooinooi,48
,,,,,,,,,
2011/08/10,20,21,34,39,47,49,41,Dimakatso,44
,,,,,,,,,
2011/08/06,9,13,18,23,35,39,38,Dimakatso,45
,,,,,,,,,
2011/08/03,3,7,11,28,43,44,21,Mandlakazi,27
,,,,,,,,,
2011/07/30,4,13,23,33,39,48,10,Mooinooi,43
,,,,,,,,,
2011/07/27,20,21,33,40,41,44,5,Mandlakazi,35
,,,,,,,,,
2011/07/23,2,20,23,27,31,49,12,Mandlakazi,47
,,,,,,,,,
2011/07/20,12,28,33,36,38,39,44,Dimakatso,32
,,,,,,,,,
2011/07/16,4,7,17,43,45,48,5,Dimakatso,34
,,,,,,,,,
2011/07/13,1,7,8,17,39,47,38,Mandlakazi,48
,,,,,,,,,
2011/07/09,6,12,17,18,20,43,24,Mandlakazi,47
,,,,,,,,,
2011/07/06,6,10,25,27,30,40,23,Mooinooi,54
,,,,,,,,,
2011/07/02,9,21,25,27,44,49,13,Dimakatso,50
,,,,,,,,,
2011/06/29,24,33,38,39,45,47,18,Mandlakazi,55
,,,,,,,,,
2011/06/25,9,18,19,22,32,43,27,Mandlakazi,51
,,,,,,,,,
2011/06/22,7,17,20,25,29,39,40,Mandlakazi,40
,,,,,,,,,
2011/06/18,5,14,16,23,29,34,10,Mooinooi,45
,,,,,,,,,
2011/06/15,4,5,9,10,15,25,33,Dimakatso,45
,,,,,,,,,
2011/06/11,20,27,28,34,38,45,21,Mandlakazi,39
,,,,,,,,,
2011/06/08,7,15,18,23,25,41,5,Dimakatso,27
,,,,,,,,,
2011/06/04,7,13,18,21,40,41,46,Mandlakazi,33
,,,,,,,,,
2011/06/01,21,35,36,41,44,48,2,Dimakatso,28
,,,,,,,,,
2011/05/28,4,10,14,22,40,41,36,Mandlakazi,38
,,,,,,,,,
2011/05/25,6,23,25,39,48,49,14,Mandlakazi,47
,,,,,,,,,
2011/05/21,5,12,17,24,29,30,6,Dimakatso,41
,,,,,,,,,
2011/05/18,12,22,23,39,44,47,7,Mooinooi,51
,,,,,,,,,
2011/05/14,2,5,22,29,34,46,33,Mandlakazi,45
,,,,,,,,,
2011/05/11,8,12,14,15,18,46,19,Mandlakazi,40
,,,,,,,,,
2011/05/07,2,17,22,25,42,47,37,Mandlakazi,27
,,,,,,,,,
2011/05/04,20,28,37,39,46,48,16,Dimakatso,37
,,,,,,,,,
2011/04/30,3,27,34,35,36,39,10,Mandlakazi,32
,,,,,,,,,
2011/04/27,7,10,13,14,21,31,39,Mandlakazi,49
,,,,,,,,,
2011/04/23,2,5,10,18,25,32,3,Mooinooi,28
,,,,,,,,,
2011/04/20,3,6,13,21,42,49,19,Mandlakazi,29
,,,,,,,,,
2011/04/16,10,19,24,34,38,48,16,Mooinooi,34
,,,,,,,,,
2011/04/13,15,16,18,20,21,35,25,Dimakatso,40
,,,,,,,,,
2011/04/09,12,36,38,39,42,47,24,Mooinooi,41
,,,,,,,,,
2011/04/06,4,12,16,21,22,34,41,Dimakatso,54
,,,,,,,,,
2011/04/02,1,2,9,17,20,28,44,Dimakatso,53
,,,,,,,,,
2011/03/30,5,8,17,41,45,46,15,Mandlakazi,43
,,,,,,,,,
2011/03/26,3,14,17,26,37,49,42,Mooinooi,48
,,,,,,,,,
2011/03/23,3,7,13,18,24,43,46,Mandlakazi,47
,,,,,,,,,
2011/03/19,3,10,14,35,37,40,25,Mooinooi,29
,,,,,,,,,
2011/03/16,4,5,26,30,32,48,44,Mooinooi,34
,,,,,,,,,
2011/03/12,15,29,31,35,41,48,6,Dimakatso,33
,,,,,,,,,
2011/03/09,1,8,12,21,31,46,47,Mandlakazi,28
,,,,,,,,,
2011/03/05,13,14,15,23,24,47,32,Mooinooi,27
,,,,,,,,,
2011/03/02,2,10,22,39,46,47,5,Mandlakazi,28
,,,,,,,,,
2011/02/26,10,19,24,27,38,49,47,Mandlakazi,29
,,,,,,,,,
2011/02/23,6,11,21,29,31,34,42,Mandlakazi,35
,,,,,,,,,
2011/02/19,16,17,19,25,26,48,46,Dimakatso,34
,,,,,,,,,
2011/02/16,3,20,29,35,44,46,18,Dimakatso,45
,,,,,,,,,
2011/02/12,8,12,25,35,46,47,39,Dimakatso,44
,,,,,,,,,
2011/02/09,1,9,20,22,23,26,21,Dimakatso,54
,,,,,,,,,
2011/02/05,8,9,13,17,19,27,10,Mooinooi,49
,,,,,,,,,
2011/02/02,2,5,6,13,32,49,18,Dimakatso,47
,,,,,,,,,
2011/01/29,6,7,16,31,32,38,8,Mooinooi,53
,,,,,,,,,
2011/01/26,22,26,31,35,37,40,16,Dimakatso,50
,,,,,,,,,
2011/01/22,2,8,10,29,33,46,13,Mandlakazi,34
,,,,,,,,,
2011/01/19,5,7,15,23,29,33,43,Mooinooi,27
,,,,,,,,,
2011/01/15,1,3,20,30,34,46,2,Dimakatso,54
,,,,,,,,,
2011/01/12,5,13,28,33,34,42,43,Mandlakazi,52
,,,,,,,,,
2011/01/08,10,12,26,39,40,44,3,Dimakatso,35
,,,,,,,,,
2011/01/05,1,4,8,12,20,33,19,Dimakatso,40
,,,,,,,,,
2011/01/01,22,24,30,31,41,48,7,Mandlakazi,48
,,,,,,,,,
2010/12/29,31,33,39,41,42,48,24,Mandlakazi,53
,,,,,,,,,
2010/12/22,2,9,11,14,27,32,38,Dimakatso,29
,,,,,,,,,
2010/12/18,6,8,30,31,42,48,45,Mooinooi,41
,,,,,,,,,
2010/12/15,6,13,28,32,37,49,8,Mandlakazi,55
,,,,,,,,,
2010/12/11,2,3,11,16,30,37,46,Mooinooi,52
,,,,,,,,,
2010/12/08,6,19,24,26,38,49,32,Mooinooi,32
,,,,,,,,,
2010/12/04,6,10,17,27,30,32,7,Dimakatso,38
,,,,,,,,,
2010/12/01,1,8,15,24,40,42,33,Mooinooi,39
,,,,,,,,,
2010/11/27,1,9,23,27,28,31,22,Mandlakazi,41
,,,,,,,,,
2010/11/24,8,10,14,33,45,48,34,Dimakatso,39
,,,,,,,,,
2010/11/20,7,17,34,37,38,39,36,Dimakatso,40
,,,,,,,,,
2010/11/17,18,22,33,35,41,46,31,Mooinooi,28
,,,,,,,,,
2010/11/13,15,23,26,40,42,46,14,Mandlakazi,51
,,,,,,,,,
2010/11/10,12,19,25,26,28,40,38,Dimakatso,54
,,,,,,,,,
2010/11/06,13,20,21,34,41,45,1,Dimakatso,48
,,,,,,,,,
2010/11/03,12,16,17,19,27,44,5,Dimakatso,37
,,,,,,,,,
2010/10/30,5,12,17,29,30,39,26,Mooinooi,53
,,,,,,,,,
2010/10/27,1,8,13,19,23,33,24,Dimakatso,35
,,,,,,,,,
2010/10/23,8,12,17,19,20,36,39,Mandlakazi,29
,,,,,,,,,
2010/10/20,6,18,19,29,44,46,32,Dimakatso,32
,,,,,,,,,
2010/10/16,4,21,22,25,37,47,13,Mandlakazi,28
,,,,,,,,,
2010/10/13,4,12,13,17,20,38,8,Dimakatso,33
,,,,,,,,,
2010/10/09,6,11,19,32,37,47,34,Mooinooi,53
,,,,,,,,,
2010/10/06,1,10,13,17,20,47,24,Mandlakazi,37
,,,,,,,,,
2010/10/02,1,2,19,23,33,37,16,Mooinooi,41
,,,,,,,,,
2010/09/29,1,3,4,14,30,49,29,Mandlakazi,44
,,,,,,,,,
2010/09/25,1,5,13,16,22,24,37,Mooinooi,32
,,,,,,,,,
2010/09/22,2,7,21,22,33,38,11,Dimakatso,38
,,,,,,,,,
2010/09/18,13,18,25,27,43,45,36,Dimakatso,55
,,,,,,,,,
2010/09/15,14,24,26,27,38,46,25,Mooinooi,40
,,,,,,,,,
2010/09/11,13,20,31,32,36,38,19,Dimakatso,33
,,,,,,,,,
2010/09/08,9,12,13,15,18,47,21,Dimakatso,47
,,,,,,,,,
2010/09/04,15,21,23,31,34,48,44,Mooinooi,41
,,,,,,,,,
2010/09/01,13,37,39,41,43,46,28,Mooinooi,35
,,,,,,,,,
2010/08/28,8,12,33,34,37,44,38,Mandlakazi,32
,,,,,,,,,
2010/08/25,1,4,6,22,40,45,39,Mooinooi,28
,,,,,,,,,
2010/08/21,10,13,14,26,29,31,24,Mandlakazi,38
,,,,,,,,,
2010/08/18,22,24,27,36,40,43,15,Mandlakazi,50
,,,,,,,,,
2010/08/14,5,6,16,26,46,49,2,Dimakatso,37
,,,,,,,,,
2010/08/11,1,14,20,26,39,46,7,Dimakatso,27
,,,,,,,,,
2010/08/07,9,10,18,46,47,49,15,Dimakatso,45
,,,,,,,,,
2010/08/04,2,11,15,21,39,42,40,Mandlakazi,53
,,,,,,,,,
2010/07/31,8,14,20,22,28,49,17,Mooinooi,39
,,,,,,,,,
2010/07/28,3,5,11,14,19,49,23,Mooinooi,35
,,,,,,,,,
2010/07/24,17,33,38,41,44,46,3,Mandlakazi,53
,,,,,,,,,
2010/07/21,10,13,24,26,41,46,5,Mandlakazi,45
,,,,,,,,,
2010/07/17,5,10,13,15,26,38,31,Mandlakazi,29
,,,,,,,,,
2010/07/14,6,21,27,32,37,49,18,Mooinooi,39
,,,,,,,,,
2010/07/10,2,4,19,27,31,49,26,Dimakatso,53
,,,,,,,,,
2010/07/07,6,8,24,32,45,47,21,Mandlakazi,40
,,,,,,,,,
2010/07/03,1,18,38,39,45,49,26,Mandlakazi,47
,,,,,,,,,
2010/06/30,2,6,23,35,39,47,26,Dimakatso,29
,,,,,,,,,
2010/06/26,5,16,18,24,32,38,49,Mooinooi,50
,,,,,,,,,
2010/06/23,9,23,34,37,38,43,11,Dimakatso,28
,,,,,,,,,
2010/06/19,7,21,23,27,45,49,47,Mooinooi,29
,,,,,,,,,
2010/06/16,2,27,30,43,44,49,41,Dimakatso,35
,,,,,,,,,
2010/06/12,8,10,12,23,25,45,46,Mooinooi,33
,,,,,,,,,
2010/06/09,4,17,23,26,30,49,9,Mandlakazi,47
,,,,,,,,,
2010/06/05,9,16,23,26,38,47,7,Mandlakazi,32
,,,,,,,,,
2010/06/02,1,6,11,16,37,45,5,Mandlakazi,28
,,,,,,,,,
2010/05/29,3,4,6,19,21,42,32,Mandlakazi,49
,,,,,,,,,
2010/05/26,11,18,39,40,42,44,28,Dimakatso,40
,,,,,,,,,
2010/05/22,3,5,9,14,20,36,43,Mandlakazi,44
,,,,,,,,,
2010/05/19,20,26,30,32,34,41,25,Dimakatso,51
,,,,,,,,,
2010/05/15,6,7,21,34,44,45,31,Mooinooi,47
,,,,,,,,,
2010/05/12,18,21,33,42,43,46,49,Mandlakazi,48
,,,,,,,,,
2010/05/08,12,20,22,27,38,44,13,Mandlakazi,38
,,,,,,,,,
2010/05/05,7,8,11,14,18,21,41,Mandlakazi,33
,,,,,,,,,
2010/05/01,4,9,13,26,42,44,22,Mandlakazi,28
,,,,,,,,,
2010/04/28,10,16,20,41,42,48,25,Dimakatso,55
,,,,,,,,,
2010/04/24,1,3,4,13,16,39,48,Dimakatso,54
,,,,,,,,,
2010/04/21,9,10,16,17,18,46,41,Mooinooi,43
,,,,,,,,,
2010/04/17,8,9,16,22,25,31,29,Dimakatso,44
,,,,,,,,,
2010/04/14,1,10,12,19,39,49,26,Mooinooi,39
,,,,,,,,,
2010/04/10,2,4,6,15,27,45,40,Mooinooi,43
,,,,,,,,,
2010/04/07,16,18,19,24,41,45,48,Mandlakazi,34
,,,,,,,,,
2010/04/03,19,26,32,40,42,47,20,Mandlakazi,38
,,,,,,,,,
2010/03/31,3,9,18,24,33,41,5,Dimakatso,54
,,,,,,,,,
2010/03/27,15,17,42,44,45,47,30,Dimakatso,32
,,,,,,,,,
2010/03/24,2,6,11,16,45,46,40,Dimakatso,27
,,,,,,,,,
2010/03/20,6,12,20,28,38,43,23,Mooinooi,51
,,,,,,,,,
2010/03/17,24,33,34,43,48,49,29,Mandlakazi,49
,,,,,,,,,
2010/03/13,4,5,19,21,40,43,7,Dimakatso,55
,,,,,,,,,
2010/03/10,8,11,14,18,23,48,44,Mandlakazi,44
,,,,,,,,,
2010/03/06,26,30,35,38,43,45,5,Mandlakazi,43
,,,,,,,,,
2010/03/03,9,10,14,22,25,26,24,Mandlakazi,38
,,,,,,,,,
2010/02/27,4,9,13,21,41,44,38,Dimakatso,33
,,,,,,,,,
2010/02/24,7,32,36,44,45,46,16,Mandlakazi,54
,,,,,,,,,
2010/02/20,7,8,17,18,34,35,31,Dimakatso,49
,,,,,,,,,
2010/02/17,3,7,10,12,25,27,5,Mooinooi,40
,,,,,,,,,
2010/02/13,17,18,20,30,40,42,36,Dimakatso,48
,,,,,,,,,
2010/02/10,12,18,19,22,45,47,41,Mandlakazi,47
,,,,,,,,,
2010/02/06,6,16,29,31,37,48,3,Mandlakazi,45
,,,,,,,,,
2010/02/03,1,10,29,31,33,49,26,Dimakatso,41
,,,,,,,,,
2010/01/30,11,17,24,42,43,47,5,Dimakatso,34
,,,,,,,,,
2010/01/27,10,24,29,33,44,47,11,Mandlakazi,33
,,,,,,,,,
2010/01/23,6,10,11,21,41,43,49,Mooinooi,27
,,,,,,,,,
2010/01/20,4,7,11,12,16,49,45,Mooinooi,32
,,,,,,,,,
2010/01/16,16,24,27,38,44,48,28,Mooinooi,33
,,,,,,,,,
2010/01/13,4,23,26,27,38,45,2,Mooinooi,40
,,,,,,,,,
2010/01/09,4,18,24,29,41,45,19,Mooinooi,41
,,,,,,,,,
2010/01/06,3,25,26,29,33,38,13,Tsakani,47
,,,,,,,,,
2010/01/02,14,21,28,31,37,38,16,Tsakani,54
,,,,,,,,,
2009/12/30,4,15,19,24,40,45,49,Tsakani,43
,,,,,,,,,
2009/12/26,14,17,19,22,31,44,32,Tsakani,33
,,,,,,,,,
2009/12/23,2,4,8,18,25,43,49,Mooinooi,32
,,,,,,,,,
2009/12/19,6,13,21,24,38,40,28,Mooinooi,28
,,,,,,,,,
2009/12/16,1,16,26,32,43,45,7,Mooinooi,27
,,,,,,,,,
2009/12/12,1,18,24,25,35,37,36,Mooinooi,50
,,,,,,,,,
2009/12/09,25,28,40,42,45,48,27,Tsakani,53
,,,,,,,,,
2009/12/05,5,13,16,22,27,46,15,Tsakani,41
,,,,,,,,,
2009/12/02,3,18,22,26,45,49,48,Tsakani,28
,,,,,,,,,
2009/11/28,12,28,30,39,40,46,43,Dimakatso,48
,,,,,,,,,
2009/11/25,8,9,26,27,36,39,12,Mooinooi,27
,,,,,,,,,
2009/11/21,19,21,22,34,44,49,47,Tsakani,44
,,,,,,,,,
2009/11/18,11,15,22,41,42,45,10,Tsakani,38
,,,,,,,,,
2009/11/14,3,11,19,29,35,36,27,Mooinooi,53
,,,,,,,,,
2009/11/11,7,15,19,22,25,26,4,Dimakatso,54
,,,,,,,,,
2009/11/07,18,24,25,31,35,42,38,Mooinooi,45
,,,,,,,,,
2009/11/04,6,7,30,31,39,47,49,Mooinooi,44
,,,,,,,,,
2009/10/31,9,11,13,20,44,46,16,Mooinooi,48
,,,,,,,,,
2009/10/28,8,15,19,23,39,49,40,Mooinooi,26
,,,,,,,,,
2009/10/24,7,16,21,24,33,42,27,Mooinooi,41
,,,,,,,,,
2009/10/21,5,13,18,24,34,46,42,Mooinooi,24
,,,,,,,,,
2009/10/17,3,8,18,31,32,43,22,Tsakani,38
,,,,,,,,,
2009/10/14,9,11,15,22,36,42,28,Mapula,53
,,,,,,,,,
2009/10/10,3,11,16,28,38,44,48,Ndyebokazi,26
,,,,,,,,,
2009/10/07,30,33,34,41,44,45,18,Khensani,53
,,,,,,,,,
2009/10/03,9,12,18,26,33,35,34,Ndyebokazi,24
,,,,,,,,,
2009/09/30,9,10,21,23,33,48,6,Mapula,35
,,,,,,,,,
2009/09/26,11,16,23,26,41,49,20,Mapula,37
,,,,,,,,,
2009/09/23,4,7,9,12,21,33,41,Khensani,26
,,,,,,,,,
2009/09/19,14,21,25,37,39,42,7,Ndyebokazi,38
,,,,,,,,,
2009/09/16,2,16,23,26,35,39,38,Mapula,35
,,,,,,,,,
2009/09/12,2,5,17,19,37,45,30,Mapula,24
,,,,,,,,,
2009/09/09,9,20,30,42,46,48,13,Ndyebokazi,45
,,,,,,,,,
2009/09/05,2,22,24,28,45,48,4,Khensani,37
,,,,,,,,,
2009/09/02,6,7,10,42,47,49,39,Khensani,27
,,,,,,,,,
2009/08/29,6,15,19,30,33,37,17,Khensani,51
,,,,,,,,,
2009/08/26,7,11,24,26,32,35,23,Mapula,45
,,,,,,,,,
2009/08/22,15,23,24,43,45,47,12,Mapula,37
,,,,,,,,,
2009/08/19,18,21,22,43,46,47,44,Mapula,27
,,,,,,,,,
2009/08/15,3,13,24,25,32,40,41,Khensani,39
,,,,,,,,,
2009/08/12,2,14,16,22,41,44,6,Khensani,51
,,,,,,,,,
2009/08/08,10,16,26,40,46,48,37,Khensani,25
,,,,,,,,,
2009/08/05,5,15,27,43,44,48,24,Ndyebokazi,35
,,,,,,,,,
2009/08/01,13,19,30,34,39,46,37,Ndyebokazi,24
,,,,,,,,,
2009/07/29,8,19,24,36,40,45,29,Khensani,51
,,,,,,,,,
2009/07/25,14,29,34,36,37,44,32,Khensani,40
,,,,,,,,,
2009/07/22,9,16,21,23,25,45,26,Ndyebokazi,39
,,,,,,,,,
2009/07/18,2,5,21,35,43,47,39,Mapula,27
,,,,,,,,,
2009/07/15,7,9,14,35,37,42,48,Mapula,48
,,,,,,,,,
2009/07/11,15,18,30,41,43,48,10,Khensani,49
,,,,,,,,,
2009/07/08,7,10,21,30,37,39,8,Ndyebokazi,29
,,,,,,,,,
2009/07/04,1,9,17,18,22,38,20,Ndyebokazi,44
,,,,,,,,,
2009/07/01,4,11,16,17,30,40,26,Mapula,48
,,,,,,,,,
2009/06/27,2,3,5,33,36,40,42,Khensani,40
,,,,,,,,,
2009/06/24,4,9,24,35,36,38,16,Ndyebokazi,43
,,,,,,,,,
2009/06/20,6,19,21,30,32,45,15,Mapula,49
,,,,,,,,,
2009/06/17,12,14,30,42,43,45,17,Ndyebokazi,29
,,,,,,,,,
2009/06/13,29,30,35,42,44,49,24,Khensani,38
,,,,,,,,,
2009/06/10,8,9,25,42,44,49,16,Ndyebokazi,55
,,,,,,,,,
2009/06/06,5,15,18,22,33,35,47,Khensani,33
,,,,,,,,,
2009/06/03,9,30,39,44,46,48,20,Ndyebokazi,40
,,,,,,,,,
2009/05/30,1,2,9,14,41,43,24,Mapula,25
,,,,,,,,,
2009/05/27,3,15,20,21,38,43,45,Khensani,44
,,,,,,,,,
2009/05/23,13,23,40,41,42,46,31,Mapula,35
,,,,,,,,,
2009/05/20,8,12,28,36,41,48,47,Ndyebokazi,29
,,,,,,,,,
2009/05/16,7,17,19,29,38,42,9,Khensani,37
,,,,,,,,,
2009/05/13,3,14,19,31,33,40,7,Khensani,38
,,,,,,,,,
2009/05/09,7,8,19,34,38,42,28,Ndyebokazi,33
,,,,,,,,,
2009/05/06,6,7,11,13,23,42,4,Mapula,24
,,,,,,,,,
2009/05/02,14,17,31,39,41,48,44,Mapula,53
,,,,,,,,,
2009/04/29,2,3,28,34,39,47,10,Ndyebokazi,52
,,,,,,,,,
2009/04/25,20,24,25,39,43,44,28,Ndyebokazi,43
,,,,,,,,,
2009/04/22,1,16,17,32,43,44,6,Mapula,50
,,,,,,,,,
2009/04/18,8,25,26,29,33,43,14,Mapula,51
,,,,,,,,,
2009/04/15,5,17,28,31,43,45,3,Khensani,27
,,,,,,,,,
2009/04/11,1,14,16,35,37,42,13,Ndyebokazi,34
,,,,,,,,,
2009/04/08,7,19,22,35,39,40,29,Mapula,38
,,,,,,,,,
2009/04/04,1,8,10,17,29,39,12,Khensani,27
,,,,,,,,,
2009/04/01,2,4,17,21,25,30,1,Ndyebokazi,52
,,,,,,,,,
2009/03/28,12,18,19,20,31,37,4,Ndyebokazi,54
,,,,,,,,,
2009/03/25,7,14,15,20,22,47,46,Khensani,25
,,,,,,,,,
2009/03/21,5,9,27,41,45,47,20,Suikerbossie,43
,,,,,,,,,
2009/03/18,12,16,17,37,41,49,20,Ndyebokazi,50
,,,,,,,,,
2009/03/14,4,6,10,17,28,37,15,Khensani,37
,,,,,,,,,
2009/03/11,7,16,19,32,41,44,24,Khensani,39
,,,,,,,,,
2009/03/07,3,7,12,17,21,29,18,Ndyebokazi,29
,,,,,,,,,
2009/03/04,10,30,32,34,35,44,25,Suikerbossie,34
,,,,,,,,,
2009/02/28,8,29,31,37,40,47,22,Khensani,38
,,,,,,,,,
2009/02/25,1,4,14,15,18,29,27,Ndyebokazi,49
,,,,,,,,,
2009/02/21,3,10,19,35,38,41,42,Ndyebokazi,55
,,,,,,,,,
2009/02/18,15,28,29,36,41,47,8,Ndyebokazi,25
,,,,,,,,,
2009/02/14,7,12,26,32,35,49,20,Ndyebokazi,53
,,,,,,,,,
2009/02/11,7,17,25,26,34,46,43,Khensani,41
,,,,,,,,,
2009/02/07,3,13,17,28,37,49,30,Ndyebokazi,27
,,,,,,,,,
2009/02/04,2,4,19,23,34,40,43,Khensani,48
,,,,,,,,,
2009/01/31,12,17,23,41,43,49,20,Suikerbossie,40
,,,,,,,,,
2009/01/28,9,13,17,33,39,44,3,Suikerbossie,35
,,,,,,,,,
2009/01/24,11,17,20,32,34,47,2,Suikerbossie,27
,,,,,,,,,
2009/01/21,10,11,19,34,37,39,21,Ndyebokazi,25
,,,,,,,,,
2009/01/17,17,22,34,36,40,43,25,Suikerbossie,51
,,,,,,,,,
2009/01/14,8,9,11,12,23,24,19,Ndyebokazi,39
,,,,,,,,,
2009/01/10,3,22,24,29,39,47,27,Khensani,33
,,,,,,,,,
2009/01/07,7,23,27,29,35,40,10,Ndyebokazi,40
,,,,,,,,,
2009/01/03,2,5,7,9,25,48,42,Mapula,34
,,,,,,,,,
2008/12/31,8,10,11,15,37,46,40,Mapula,41
,,,,,,,,,
2008/12/27,14,18,21,29,32,41,17,Khensani,43
,,,,,,,,,
2008/12/24,6,8,23,32,36,48,24,Ndyebokazi,48
,,,,,,,,,
2008/12/20,16,26,36,39,41,47,14,Ndyebokazi,47
,,,,,,,,,
2008/12/17,11,17,20,26,28,32,9,Khensani,54
,,,,,,,,,
2008/12/13,3,4,12,30,48,49,32,Mapula,51
,,,,,,,,,
2008/12/10,19,21,30,35,41,46,26,Khensani,37
,,,,,,,,,
2008/12/06,11,16,19,27,37,46,14,Mapula,33
,,,,,,,,,
2008/12/03,4,5,8,26,29,41,42,Khensani,39
,,,,,,,,,
2008/11/29,1,5,6,29,38,49,35,Ndyebokazi,29
,,,,,,,,,
2008/11/26,2,22,24,29,48,49,28,Mapula,41
,,,,,,,,,
2008/11/22,6,14,16,19,38,47,26,Khensani,44
,,,,,,,,,
2008/11/19,11,16,24,29,45,46,3,Khensani,30
,,,,,,,,,
2008/11/15,1,9,12,33,46,47,6,Ndyebokazi,38
,,,,,,,,,
2008/11/12,3,7,13,15,20,47,1,Khensani,47
,,,,,,,,,
2008/11/08,2,28,30,39,41,42,6,Ndyebokazi,54
,,,,,,,,,
2008/11/05,14,17,35,38,39,45,26,Khensani,51
,,,,,,,,,
2008/11/01,1,5,31,36,39,49,40,Ndyebokazi,33
,,,,,,,,,
2008/10/29,13,14,22,25,27,35,16,Khensani,55
,,,,,,,,,
2008/10/25,3,16,24,30,38,45,14,Ndyebokazi,37
,,,,,,,,,
2008/10/22,5,10,12,19,29,44,7,Mapula,34
,,,,,,,,,
2008/10/18,6,8,22,24,32,44,27,Khensani,39
,,,,,,,,,
2008/10/15,26,31,34,43,47,49,39,Mapula,40
,,,,,,,,,
2008/10/11,6,16,19,40,42,44,9,Mapula,36
,,,,,,,,,
2008/10/08,1,2,6,18,29,39,25,Ndyebokazi,41
,,,,,,,,,
2008/10/04,8,9,10,20,26,43,45,Suikerbossie,46
,,,,,,,,,
2008/10/01,20,25,29,32,33,49,48,Mapula,44
,,,,,,,,,
2008/09/27,17,34,35,43,44,46,48,Suikerbossie,45
,,,,,,,,,
2008/09/24,2,14,22,27,47,49,41,Suikerbossie,33
,,,,,,,,,
2008/09/20,2,29,35,36,37,38,30,Khensani,26
,,,,,,,,,
2008/09/17,21,26,30,31,33,38,14,Suikerbossie,54
,,,,,,,,,
2008/09/13,2,21,23,26,30,45,16,Mapula,51
,,,,,,,,,
2008/09/10,2,13,25,28,38,44,40,Suikerbossie,52
,,,,,,,,,
2008/09/06,2,10,24,27,38,42,44,Mapula,29
,,,,,,,,,
2008/09/03,11,17,27,32,35,40,19,Suikerbossie,49
,,,,,,,,,
2008/08/30,2,14,26,29,33,34,13,Mapula,43
,,,,,,,,,
2008/08/27,3,7,27,31,33,40,30,Mapula,40
,,,,,,,,,
2008/08/23,18,19,20,28,38,41,46,Suikerbossie,45
,,,,,,,,,
2008/08/20,7,11,13,27,30,46,39,Khensani,48
,,,,,,,,,
2008/08/16,3,9,13,24,28,43,2,Khensani,26
,,,,,,,,,
2008/08/13,15,18,26,33,36,43,10,Khensani,54
,,,,,,,,,
2008/08/09,13,19,39,40,43,46,37,Suikerbossie,30
,,,,,,,,,
2008/08/06,7,8,10,16,36,37,34,Suikerbossie,46
,,,,,,,,,
2008/08/02,5,12,13,16,42,48,3,Suikerbossie,41
,,,,,,,,,
2008/07/30,6,17,18,23,28,30,32,Suikerbossie,51
,,,,,,,,,
2008/07/26,2,10,11,35,46,48,19,Mapula,53
,,,,,,,,,
2008/07/23,2,12,13,22,30,40,46,Suikerbossie,43
,,,,,,,,,
2008/07/19,3,15,33,34,39,47,46,Khensani,40
,,,,,,,,,
2008/07/16,3,5,14,35,37,48,49,Mapula,36
,,,,,,,,,
2008/07/12,3,6,31,42,46,49,41,Suikerbossie,50
,,,,,,,,,
2008/07/09,2,17,25,28,29,38,48,Suikerbossie,26
,,,,,,,,,
2008/07/05,5,19,23,31,37,44,48,Mapula,47
,,,,,,,,,
2008/07/02,6,11,14,31,33,40,41,Suikerbossie,52
,,,,,,,,,
2008/06/28,3,5,18,30,35,40,19,Suikerbossie,38
,,,,,,,,,
2008/06/25,12,17,20,22,33,48,26,Suikerbossie,34
,,,,,,,,,
2008/06/21,5,12,17,27,30,48,19,Mapula,53
,,,,,,,,,
2008/06/18,13,19,20,23,25,35,32,Mapula,48
,,,,,,,,,
2008/06/14,3,5,21,32,33,43,20,Suikerbossie,46
,,,,,,,,,
2008/06/11,11,13,19,20,24,40,3,Ndyebokazi,54
,,,,,,,,,
2008/06/07,6,8,14,29,34,46,17,Mapula,52
,,,,,,,,,
2008/06/04,9,24,31,32,34,44,22,Mapula,41
,,,,,,,,,
2008/05/31,2,3,29,31,43,48,33,Ndyebokazi,49
,,,,,,,,,
2008/05/28,1,25,30,32,35,48,29,Mapula,48
,,,,,,,,,
2008/05/24,2,11,22,26,28,38,35,Suikerbossie,36
,,,,,,,,,
2008/05/21,15,20,28,29,34,44,38,Ndyebokazi,45
,,,,,,,,,
2008/05/17,1,9,14,16,47,49,13,Suikerbossie,30
,,,,,,,,,
2008/05/14,13,14,17,26,34,38,19,Ndyebokazi,36
,,,,,,,,,
2008/05/10,5,7,8,9,10,30,48,Mapula,26
,,,,,,,,,
2008/05/07,2,3,7,22,33,48,6,Ndyebokazi,34
,,,,,,,,,
2008/05/03,7,10,16,25,33,39,1,Suikerbossie,29
,,,,,,,,,
2008/04/30,11,19,25,31,35,48,39,Ndyebokazi,36
,,,,,,,,,
2008/04/26,15,20,21,25,45,49,43,Mapula,36
,,,,,,,,,
2008/04/23,11,22,24,32,47,48,26,Mapula,26
,,,,,,,,,
2008/04/19,4,17,24,27,29,39,45,Suikerbossie,34
,,,,,,,,,
2008/04/16,13,15,21,24,25,32,12,Mapula,39
,,,,,,,,,
2008/04/12,2,7,12,14,15,35,45,Mapula,42
,,,,,,,,,
2008/04/09,3,9,21,46,47,48,22,Mapula,31
,,,,,,,,,
2008/04/05,2,6,7,10,41,47,16,Suikerbossie,36
,,,,,,,,,
2008/04/02,3,4,16,19,22,27,44,Mapula,42
,,,,,,,,,
2008/03/29,6,12,17,25,33,48,45,Suikerbossie,30
,,,,,,,,,
2008/03/26,16,21,29,40,41,43,49,Suikerbossie,31
,,,,,,,,,
2008/03/22,1,14,17,21,23,31,37,Mapula,35
,,,,,,,,,
2008/03/19,11,22,25,32,41,42,16,Suikerbossie,39
,,,,,,,,,
2008/03/15,9,13,31,35,41,45,27,Ndyebokazi,43
,,,,,,,,,
2008/03/12,9,16,17,35,40,43,48,Suikerbossie,40
,,,,,,,,,
2008/03/08,1,11,16,18,29,45,36,Mapula,31
,,,,,,,,,
2008/03/05,2,7,12,19,25,49,18,Suikerbossie,30
,,,,,,,,,
2008/03/01,2,17,24,39,42,43,23,Khensani,43
,,,,,,,,,
2008/02/27,14,20,26,30,37,41,3,Suikerbossie,38
,,,,,,,,,
2008/02/23,5,13,14,21,33,48,39,Suikerbossie,42
,,,,,,,,,
2008/02/20,6,14,29,36,41,44,15,Mapula,29
,,,,,,,,,
2008/02/16,7,8,19,41,45,48,32,Khensani,43
,,,,,,,,,
2008/02/13,8,26,30,34,36,43,11,Suikerbossie,34
,,,,,,,,,
2008/02/09,2,11,23,33,44,49,31,Mapula,36
,,,,,,,,,
2008/02/06,6,15,23,34,35,46,37,Khensani,35
,,,,,,,,,
2008/02/02,5,9,11,23,24,48,38,Mapula,29
,,,,,,,,,
2008/01/30,18,19,27,44,45,48,2,Mapula,36
,,,,,,,,,
2008/01/26,5,8,34,42,46,49,32,Khensani,26
,,,,,,,,,
2008/01/23,4,7,17,23,33,37,10,Khensani,35
,,,,,,,,,
2008/01/19,15,19,27,33,37,46,26,Khensani,44
,,,,,,,,,
2008/01/16,3,33,34,38,41,49,27,Mapula,26
,,,,,,,,,
2008/01/12,6,12,17,18,27,49,36,Mapula,31
,,,,,,,,,
2008/01/09,8,12,23,37,40,46,30,Khensani,39
,,,,,,,,,
2008/01/05,1,10,11,12,20,30,15,Khensani,35
,,,,,,,,,
2008/01/02,1,4,13,32,33,37,16,Suikerbossie,36
,,,,,,,,,
2007/12/29,2,5,12,27,37,40,39,Suikerbossie,43
,,,,,,,,,
2007/12/26,7,17,29,32,36,42,4,Mapula,44
,,,,,,,,,
2007/12/22,1,2,9,19,33,38,46,Mapula,35
,,,,,,,,,
2007/12/19,4,9,17,26,44,47,15,Khensani,40
,,,,,,,,,
2007/12/15,14,19,25,27,30,48,22,Ndyebokazi,41
,,,,,,,,,
2007/12/12,1,2,21,31,33,38,23,Mapula,39
,,,,,,,,,
2007/12/08,2,21,23,25,33,42,3,Ndyebokazi,42
,,,,,,,,,
2007/12/05,3,20,23,32,34,37,49,Suikerbossie,28
,,,,,,,,,
2007/12/01,3,4,12,19,44,49,48,Suikerbossie,31
,,,,,,,,,
2007/11/28,12,17,24,34,44,46,32,Ndyebokazi,40
,,,,,,,,,
2007/11/24,15,19,20,27,31,40,10,Khensani,26
,,,,,,,,,
2007/11/21,4,8,15,17,41,44,16,Ndyebokazi,31
,,,,,,,,,
2007/11/17,11,24,39,41,45,48,30,Khensani,26
,,,,,,,,,
2007/11/14,8,17,19,23,33,35,16,Khensani,32
,,,,,,,,,
2007/11/10,1,2,29,33,35,36,8,Khensani,34
,,,,,,,,,
2007/11/07,12,23,26,32,46,48,20,Suikerbossie,30
,,,,,,,,,
2007/11/03,23,26,33,43,44,45,39,Khensani,32
,,,,,,,,,
2007/10/31,15,35,40,43,44,47,42,Mapula,38
,,,,,,,,,
2007/10/27,3,17,21,32,43,47,5,Mapula,41
,,,,,,,,,
2007/10/24,29,36,41,42,46,49,8,Ndyebokazi,31
,,,,,,,,,
2007/10/20,12,21,30,35,36,41,23,Khensani,28
,,,,,,,,,
2007/10/17,6,27,28,42,46,49,48,Mapula,30
,,,,,,,,,
2007/10/13,4,12,34,40,41,48,38,Mapula,31
,,,,,,,,,
2007/03/31,4,14,22,30,34,37,42,B,15
,,,,,,,,,
2007/03/28,1,14,16,30,36,42,12,A,17
,,,,,,,,,
2007/03/24,4,5,7,18,48,49,30,A,15
,,,,,,,,,
2007/03/21,2,4,7,31,37,43,10,A,19
,,,,,,,,,
2007/03/17,3,8,15,28,31,48,4,B,17
,,,,,,,,,
2007/03/14,6,11,16,27,29,49,19,A,20
,,,,,,,,,
2007/03/10,2,10,12,26,43,44,48,A,14
,,,,,,,,,
2007/03/07,6,12,23,44,45,48,47,B,18
,,,,,,,,,
2007/03/03,4,19,24,29,34,44,22,B,17
,,,,,,,,,
2007/02/28,27,30,32,35,43,45,26,A,20
,,,,,,,,,
2007/02/24,7,9,34,37,41,49,13,B,18
,,,,,,,,,
2007/02/21,11,18,29,44,45,47,37,A,15
,,,,,,,,,
2007/02/17,2,6,34,41,42,44,35,A,21
,,,,,,,,,
2007/02/14,15,34,35,38,43,47,2,A,18
,,,,,,,,,
2007/02/10,4,22,29,34,35,47,40,A,21
,,,,,,,,,
2007/02/07,6,13,18,23,34,41,44,B,24
,,,,,,,,,
2007/02/03,3,17,20,33,34,47,45,A,16
,,,,,,,,,
2007/01/31,5,12,15,17,45,47,8,A,24
,,,,,,,,,
2007/01/27,3,11,14,25,28,41,39,B,22
,,,,,,,,,
2007/01/24,1,11,27,37,42,49,38,B,15
,,,,,,,,,
2007/01/20,5,7,9,11,17,22,48,A,23
,,,,,,,,,
2007/01/17,4,6,8,25,26,27,32,B,21
,,,,,,,,,
2007/01/13,7,15,21,26,33,44,9,B,19
,,,,,,,,,
2007/01/10,2,3,4,10,12,38,5,B,13
,,,,,,,,,
2007/01/06,10,20,29,31,39,44,19,B,16
,,,,,,,,,
2007/01/03,1,2,27,30,36,39,3,B,20
,,,,,,,,,
2006/12/30,5,21,27,28,33,36,49,B,14
,,,,,,,,,
2006/12/27,4,27,28,29,33,34,13,A,19
,,,,,,,,,
2006/12/23,8,13,32,37,41,44,46,B,24
,,,,,,,,,
2006/12/20,9,11,16,17,19,42,38,B,21
,,,,,,,,,
2006/12/16,12,15,42,43,46,47,40,A,14
,,,,,,,,,
2006/12/13,8,15,16,31,48,49,6,A,16
,,,,,,,,,
2006/12/09,1,4,9,23,35,36,15,B,12
,,,,,,,,,
2006/12/06,4,9,11,33,34,42,38,B,20
,,,,,,,,,
2006/12/02,3,12,15,17,43,49,44,B,14
,,,,,,,,,
2006/11/29,6,10,11,15,25,27,7,A,12
,,,,,,,,,
2006/11/25,7,9,11,17,20,27,22,A,22
,,,,,,,,,
2006/11/22,2,10,13,14,16,30,32,A,19
,,,,,,,,,
2006/11/18,5,6,16,17,23,26,24,B,17
,,,,,,,,,
2006/11/15,7,14,16,26,28,40,33,B,21
,,,,,,,,,
2006/11/11,1,2,4,13,15,33,35,B,13
,,,,,,,,,
2006/11/08,2,6,17,35,37,45,7,B,12
,,,,,,,,,
2006/11/04,17,23,24,26,39,40,33,B,17
,,,,,,,,,
2006/11/01,10,13,30,31,38,46,4,A,18
,,,,,,,,,
2006/10/28,2,24,40,41,48,49,45,B,8
,,,,,,,,,
2006/10/25,4,11,18,34,44,49,43,A,20
,,,,,,,,,
2006/10/21,8,9,26,29,43,47,42,B,13
,,,,,,,,,
2006/10/18,6,8,17,18,42,49,39,A,20
,,,,,,,,,
2006/10/14,7,9,28,30,36,46,29,A,15
,,,,,,,,,
2006/10/11,8,16,20,27,31,39,33,A,17
,,,,,,,,,
2006/10/07,5,7,8,17,30,49,6,B,20
,,,,,,,,,
2006/10/04,28,29,34,41,47,48,37,A,22
,,,,,,,,,
2006/09/30,9,14,28,42,46,49,29,B,20
,,,,,,,,,
2006/09/27,2,10,11,15,20,25,33,B,14
,,,,,,,,,
2006/09/23,5,6,21,29,31,33,3,B,15
,,,,,,,,,
2006/09/20,7,16,23,24,38,49,35,B,14
,,,,,,,,,
2006/09/16,23,28,33,34,40,46,48,A,21
,,,,,,,,,
2006/09/13,6,7,10,22,30,45,31,B,20
,,,,,,,,,
2006/09/09,9,16,23,24,27,34,39,A,8
,,,,,,,,,
2006/09/06,16,20,23,36,42,46,27,A,14
,,,,,,,,,
2006/09/02,16,23,24,25,38,41,44,B,8
,,,,,,,,,
2006/08/30,11,18,25,32,42,49,24,A,14
,,,,,,,,,
2006/08/26,4,17,21,24,27,48,30,A,18
,,,,,,,,,
2006/08/23,16,18,20,43,48,49,19,A,15
,,,,,,,,,
2006/08/19,5,6,10,33,48,49,4,B,18
,,,,,,,,,
2006/08/16,1,3,9,29,44,46,8,B,19
,,,,,,,,,
2006/08/12,11,13,15,27,31,34,5,A,18
,,,,,,,,,
2006/08/09,13,14,25,39,45,49,30,B,14
,,,,,,,,,
2006/08/05,8,15,30,31,37,42,25,B,19
,,,,,,,,,
2006/08/02,19,20,21,24,36,43,14,A,20
,,,,,,,,,
2006/07/29,5,6,14,23,31,41,30,B,14
,,,,,,,,,
2006/07/26,10,12,19,38,41,47,37,B,20
,,,,,,,,,
2006/07/22,2,11,15,16,17,18,8,A,17
,,,,,,,,,
2006/07/19,1,3,9,16,30,45,20,B,24
,,,,,,,,,
2006/07/15,6,16,24,41,44,48,27,B,13
,,,,,,,,,
2006/07/12,3,13,18,26,28,30,21,B,15
,,,,,,,,,
2006/07/08,18,20,27,34,42,46,3,A,16
,,,,,,,,,
2006/07/05,2,5,14,16,17,49,34,B,17
,,,,,,,,,
2006/07/01,2,5,28,34,44,48,29,B,22
,,,,,,,,,
2006/06/28,2,8,11,21,47,48,23,A,15
,,,,,,,,,
2006/06/24,9,22,28,40,45,48,26,A,16
,,,,,,,,,
2006/06/21,1,2,6,21,29,41,46,B,15
,,,,,,,,,
2006/06/17,8,11,19,37,41,43,17,B,24
,,,,,,,,,
2006/06/14,1,9,23,27,33,47,45,B,14
,,,,,,,,,
2006/06/10,25,32,34,36,41,44,8,A,13
,,,,,,,,,
2006/06/07,7,10,16,18,29,33,47,B,15
,,,,,,,,,
2006/06/03,10,21,22,25,29,39,48,A,24
,,,,,,,,,
2006/05/31,2,3,6,7,17,40,8,B,16
,,,,,,,,,
2006/05/27,10,20,22,32,37,42,8,A,20
,,,,,,,,,
2006/05/24,6,17,27,32,33,35,10,B,16
,,,,,,,,,
2006/05/20,8,9,10,17,19,36,4,B,20
,,,,,,,,,
2006/05/17,1,14,15,16,25,47,39,B,22
,,,,,,,,,
2006/05/13,14,16,33,37,38,40,43,A,20
,,,,,,,,,
2006/05/10,8,29,32,39,41,48,2,A,13
,,,,,,,,,
2006/05/06,4,22,37,38,42,46,35,B,19
,,,,,,,,,
2006/05/03,12,14,30,31,33,42,20,B,13
,,,,,,,,,
2006/04/29,5,7,23,25,29,46,3,B,21
,,,,,,,,,
2006/04/26,1,6,11,25,31,39,26,A,13
,,,,,,,,,
2006/04/22,8,13,15,17,37,42,1,A,19
,,,,,,,,,
2006/04/19,13,20,21,29,31,34,14,B,18
,,,,,,,,,
2006/04/15,11,15,16,22,37,46,18,A,12
,,,,,,,,,
2006/04/12,6,9,11,13,33,49,41,B,21
,,,,,,,,,
2006/04/08,3,6,26,37,39,48,47,A,18
,,,,,,,,,
2006/04/05,26,33,35,42,46,47,38,A,23
,,,,,,,,,
2006/04/01,5,9,12,25,34,42,21,B,22
,,,,,,,,,
2006/03/29,4,10,24,34,37,38,5,A,22
,,,,,,,,,
2006/03/25,18,20,24,34,41,46,28,B,12
,,,,,,,,,
2006/03/22,3,10,34,35,41,43,27,B,14
,,,,,,,,,
2006/03/18,20,24,26,36,38,47,11,B,13
,,,,,,,,,
2006/03/15,2,7,16,18,20,34,12,A,17
,,,,,,,,,
2006/03/11,1,11,27,33,35,44,23,A,17
,,,,,,,,,
2006/03/08,2,9,11,21,23,46,10,A,14
,,,,,,,,,
2006/03/04,14,19,21,23,24,32,11,A,16
,,,,,,,,,
2006/03/01,4,16,23,41,42,44,2,A,14
,,,,,,,,,
2006/02/25,9,14,15,32,39,49,31,A,12
,,,,,,,,,
2006/02/22,1,4,13,20,23,30,12,A,23
,,,,,,,,,
2006/02/18,19,22,27,28,30,48,36,B,18
,,,,,,,,,
2006/02/15,15,20,34,41,42,48,2,B,20
,,,,,,,,,
2006/02/11,4,15,20,27,33,48,22,A,15
,,,,,,,,,
2006/02/08,23,32,37,38,47,48,31,A,18
,,,,,,,,,
2006/02/04,5,7,34,36,42,47,26,A,16
,,,,,,,,,
2006/02/01,10,13,17,23,29,39,3,A,20
,,,,,,,,,
2006/01/28,3,21,23,27,38,44,26,A,14
,,,,,,,,,
2006/01/25,8,14,18,36,39,45,2,B,14
,,,,,,,,,
2006/01/21,1,5,16,20,32,45,21,A,12
,,,,,,,,,
2006/01/18,6,23,27,30,39,45,19,B,16
,,,,,,,,,
2006/01/14,1,2,4,11,12,40,45,A,12
,,,,,,,,,
2006/01/11,4,11,17,24,26,37,19,B,16
,,,,,,,,,
2006/01/07,2,11,39,42,45,46,33,B,15
,,,,,,,,,
2006/01/04,9,12,34,36,41,43,15,A,18
,,,,,,,,,
2005/12/31,15,16,17,21,38,47,42,B,12
,,,,,,,,,
2005/12/28,19,29,36,42,43,45,23,A,12
,,,,,,,,,
2005/12/24,13,16,20,26,27,42,21,A,21
,,,,,,,,,
2005/12/21,6,16,18,40,44,46,11,A,18
,,,,,,,,,
2005/12/17,9,15,16,26,33,40,22,B,23
,,,,,,,,,
2005/12/14,8,23,25,33,36,45,26,B,19
,,,,,,,,,
2005/12/10,6,10,32,39,41,46,26,B,15
,,,,,,,,,
2005/12/07,8,21,24,26,29,49,47,A,10
,,,,,,,,,
2005/12/03,7,14,20,33,38,43,5,A,23
,,,,,,,,,
2005/11/30,3,9,15,23,34,39,17,A,20
,,,,,,,,,
2005/11/26,2,12,35,39,41,42,30,B,15
,,,,,,,,,
2005/11/23,3,5,8,10,33,35,41,A,17
,,,,,,,,,
2005/11/19,17,19,22,34,42,48,43,B,20
,,,,,,,,,
2005/11/16,1,7,30,32,39,42,48,B,20
,,,,,,,,,
2005/11/12,6,14,23,34,35,37,48,B,20
,,,,,,,,,
2005/11/09,17,18,23,31,38,44,12,B,19
,,,,,,,,,
2005/11/05,3,13,30,39,40,47,17,A,15
,,,,,,,,,
2005/11/02,4,14,15,27,37,44,41,B,16
,,,,,,,,,
2005/10/29,12,16,21,22,37,49,27,B,18
,,,,,,,,,
2005/10/26,15,27,36,37,40,44,10,A,18
,,,,,,,,,
2005/10/22,11,16,26,35,40,44,38,A,17
,,,,,,,,,
2005/10/19,7,21,25,29,43,45,36,A,17
,,,,,,,,,
2005/10/15,21,23,29,35,38,47,32,B,15
,,,,,,,,,
2005/10/12,15,26,28,31,32,43,30,A,17
,,,,,,,,,
2005/10/08,3,4,12,14,20,48,29,B,10
,,,,,,,,,
2005/10/05,4,20,26,27,33,39,17,A,10
,,,,,,,,,
2005/10/01,1,8,11,30,34,44,48,A,14
,,,,,,,,,
2005/09/28,2,5,20,39,42,47,13,B,14
,,,,,,,,,
2005/09/24,2,5,8,27,39,43,45,C,11
,,,,,,,,,
2005/09/21,3,10,17,18,19,21,41,C,14
,,,,,,,,,
2005/09/17,21,40,42,43,44,47,27,A,19
,,,,,,,,,
2005/09/14,6,9,14,17,35,40,22,C,9
,,,,,,,,,
2005/09/10,8,29,35,38,42,45,3,C,16
,,,,,,,,,
2005/09/07,10,15,21,32,46,47,20,C,9
,,,,,,,,,
2005/09/03,2,13,15,17,30,47,36,A,11
,,,,,,,,,
2005/08/31,20,27,28,37,40,43,3,C,15
,,,,,,,,,
2005/08/27,3,15,17,25,32,33,16,C,14
,,,,,,,,,
2005/08/24,3,24,32,35,36,39,19,C,15
,,,,,,,,,
2005/08/20,21,23,29,35,39,44,32,A,15
,,,,,,,,,
2005/08/17,18,31,32,35,42,48,45,C,16
,,,,,,,,,
2005/08/13,3,10,14,26,32,45,18,C,14
,,,,,,,,,
2005/08/10,1,9,16,23,26,49,18,A,15
,,,,,,,,,
2005/08/06,5,14,16,22,23,36,25,C,16
,,,,,,,,,
2005/08/03,5,23,38,39,45,49,34,A,10
,,,,,,,,,
2005/07/30,3,10,20,36,47,48,41,A,19
,,,,,,,,,
2005/07/27,7,11,18,30,43,45,46,A,15
,,,,,,,,,
2005/07/23,12,13,37,42,46,47,44,A,10
,,,,,,,,,
2005/07/20,6,17,19,23,42,43,37,C,15
,,,,,,,,,
2005/07/16,4,14,15,30,35,49,45,A,18
,,,,,,,,,
2005/07/13,21,24,34,41,43,45,5,C,14
,,,,,,,,,
2005/07/09,6,13,21,23,30,48,22,A,19
,,,,,,,,,
2005/07/06,1,8,14,30,45,47,18,C,18
,,,,,,,,,
2005/07/02,2,13,23,31,33,34,37,A,18
,,,,,,,,,
2005/06/29,13,19,21,27,28,38,16,A,15
,,,,,,,,,
2005/06/25,3,10,17,26,28,41,39,A,9
,,,,,,,,,
2005/06/22,2,18,21,32,33,39,29,C,17
,,,,,,,,,
2005/06/18,2,12,22,27,40,46,35,C,9
,,,,,,,,,
2005/06/15,2,6,16,21,27,44,12,C,13
,,,,,,,,,
2005/06/11,1,8,15,24,26,43,13,C,10
,,,,,,,,,
2005/06/08,2,12,18,20,25,28,17,C,18
,,,,,,,,,
2005/06/04,2,10,33,41,42,48,16,A,9
,,,,,,,,,
2005/06/01,6,9,14,18,22,48,23,C,9
,,,,,,,,,
2005/05/28,6,7,29,33,36,48,1,A,19
,,,,,,,,,
2005/05/25,8,22,25,27,33,40,11,A,17
,,,,,,,,,
2005/05/21,11,20,27,28,31,44,6,A,20
,,,,,,,,,
2005/05/18,2,11,29,33,39,49,43,A,17
,,,,,,,,,
2005/05/14,13,16,21,23,40,49,10,A,16
,,,,,,,,,
2005/05/11,1,18,26,29,42,45,5,A,16
,,,,,,,,,
2005/05/07,13,22,31,34,40,42,39,C,14
,,,,,,,,,
2005/05/04,2,8,20,37,41,44,35,A,13
,,,,,,,,,
2005/04/30,1,5,21,30,36,47,45,A,19
,,,,,,,,,
2005/04/27,5,8,17,27,37,38,47,C,14
,,,,,,,,,
2005/04/23,16,28,33,41,47,48,27,C,14
,,,,,,,,,
2005/04/20,8,21,26,31,33,35,40,A,13
,,,,,,,,,
2005/04/16,6,19,21,32,35,48,27,C,11
,,,,,,,,,
2005/04/13,2,3,10,29,43,46,33,C,13
,,,,,,,,,
2005/04/09,18,21,22,25,27,43,30,A,13
,,,,,,,,,
2005/04/06,6,7,11,16,28,33,18,C,9
,,,,,,,,,
2005/04/02,10,17,24,37,45,46,28,C,18
,,,,,,,,,
2005/03/30,6,20,32,33,36,48,17,C,9
,,,,,,,,,
2005/03/26,5,11,22,24,28,42,1,C,9
,,,,,,,,,
2005/03/23,18,24,27,30,31,48,20,C,10
,,,,,,,,,
2005/03/19,4,24,25,32,45,46,5,A,10
,,,,,,,,,
2005/03/16,1,10,16,20,24,41,40,C,16
,,,,,,,,,
2005/03/12,4,16,21,23,33,48,2,A,16
,,,,,,,,,
2005/03/09,1,11,18,19,22,42,16,A,10
,,,,,,,,,
2005/03/05,8,34,35,36,43,48,37,C,14
,,,,,,,,,
2005/03/02,22,26,38,41,45,46,37,A,14
,,,,,,,,,
2005/02/26,3,4,7,27,45,48,38,A,9
,,,,,,,,,
2005/02/23,4,7,19,23,32,39,38,A,14
,,,,,,,,,
2005/02/19,6,15,17,25,29,31,47,A,11
,,,,,,,,,
2005/02/16,3,12,13,15,30,49,37,A,17
,,,,,,,,,
2005/02/12,13,23,28,31,38,46,14,C,13
,,,,,,,,,
2005/02/09,14,17,23,27,38,42,12,A,13
,,,,,,,,,
2005/02/05,1,10,20,29,36,45,11,A,17
,,,,,,,,,
2005/02/02,2,5,8,12,26,49,35,C,10
,,,,,,,,,
2005/01/29,1,13,21,33,42,47,17,A,11
,,,,,,,,,
2005/01/26,1,2,4,8,19,37,9,A,9
,,,,,,,,,
2005/01/22,5,14,15,22,39,43,1,C,17
,,,,,,,,,
2005/01/19,8,12,24,25,28,48,45,A,14
,,,,,,,,,
2005/01/15,10,15,21,30,32,48,20,C,10
,,,,,,,,,
2005/01/12,6,12,25,31,34,47,40,A,9
,,,,,,,,,
2005/01/08,2,4,17,18,31,41,26,A,20
,,,,,,,,,
2005/01/05,6,13,32,36,44,48,12,A,10
,,,,,,,,,
2004/12/31,8,11,17,19,20,32,10,A,17
,,,,,,,,,
2004/12/29,17,18,28,38,39,43,14,A,9
,,,,,,,,,
2004/12/24,2,11,14,23,40,44,8,A,18
,,,,,,,,,
2004/12/22,6,18,31,42,44,47,41,A,13
,,,,,,,,,
2004/12/18,2,3,18,23,24,36,16,C,16
,,,,,,,,,
2004/12/15,7,13,15,18,23,44,41,C,20
,,,,,,,,,
2004/12/11,4,9,12,35,36,42,22,C,14
,,,,,,,,,
2004/12/08,8,19,31,33,41,49,22,C,16
,,,,,,,,,
2004/12/04,7,8,17,22,27,49,19,C,15
,,,,,,,,,
2004/12/01,7,21,22,27,31,47,2,B,15
,,,,,,,,,
2004/11/27,1,6,13,18,26,48,7,B,11
,,,,,,,,,
2004/11/24,7,12,18,19,25,46,6,A,15
,,,,,,,,,
2004/11/20,6,14,18,35,39,40,2,A,14
,,,,,,,,,
2004/11/17,3,8,26,39,40,42,23,A,13
,,,,,,,,,
2004/11/13,4,16,32,41,44,46,24,B,9
,,,,,,,,,
2004/11/10,12,16,24,28,33,47,40,B,9
,,,,,,,,,
2004/11/06,9,11,15,21,36,47,25,A,16
,,,,,,,,,
2004/11/03,3,7,8,15,40,49,35,A,19
,,,,,,,,,
2004/10/30,9,13,20,26,38,43,46,B,16
,,,,,,,,,
2004/10/27,3,7,20,35,39,44,33,B,18
,,,,,,,,,
2004/10/23,15,25,29,30,43,48,7,A,18
,,,,,,,,,
2004/10/20,3,11,22,24,41,47,49,B,19
,,,,,,,,,
2004/10/16,7,11,15,20,21,23,43,A,15
,,,,,,,,,
2004/10/13,8,14,19,38,40,42,1,A,20
,,,,,,,,,
2004/10/09,5,6,21,27,32,42,36,B,13
,,,,,,,,,
2004/10/06,2,5,16,19,35,42,37,C,13
,,,,,,,,,
2004/10/02,15,16,29,37,42,48,25,A,9
,,,,,,,,,
2004/09/29,5,7,9,11,14,27,34,C,11
,,,,,,,,,
2004/09/25,9,14,27,41,45,46,1,C,19
,,,,,,,,,
2004/09/22,28,30,33,35,39,44,34,A,19
,,,,,,,,,
2004/09/18,4,24,29,38,45,47,44,C,20
,,,,,,,,,
2004/09/15,7,24,30,32,38,46,34,A,17
,,,,,,,,,
2004/09/11,4,7,13,17,36,46,23,A,19
,,,,,,,,,
2004/09/08,9,12,14,15,43,46,10,A,16
,,,,,,,,,
2004/09/04,2,18,27,32,40,45,30,A,16
,,,,,,,,,
2004/09/01,1,8,26,28,35,46,12,C,16
,,,,,,,,,
2004/08/28,2,7,16,17,37,48,20,C,20
,,,,,,,,,
2004/08/25,11,20,26,27,28,46,18,C,19
,,,,,,,,,
2004/08/21,1,3,10,32,33,41,12,C,8
,,,,,,,,,
2004/08/18,11,16,26,31,41,43,37,C,16
,,,,,,,,,
2004/08/14,3,18,20,26,27,28,6,C,19
,,,,,,,,,
2004/08/11,9,14,20,21,29,31,22,C,8
,,,,,,,,,
2004/08/07,5,9,21,31,33,36,4,A,16
,,,,,,,,,
2004/08/04,1,13,14,27,44,47,11,A,16
,,,,,,,,,
2004/07/31,2,11,18,24,34,39,47,C,17
,,,,,,,,,
2004/07/28,6,9,20,23,29,30,49,A,9
,,,,,,,,,
2004/07/24,9,10,19,20,22,33,47,C,8
,,,,,,,,,
2004/07/21,12,28,31,35,36,41,22,C,8
,,,,,,,,,
2004/07/17,5,13,25,41,44,47,19,A,14
,,,,,,,,,
2004/07/14,3,9,22,25,31,40,26,A,17
,,,,,,,,,
2004/07/10,20,30,41,42,47,48,31,A,17
,,,,,,,,,
2004/07/07,5,10,11,16,20,45,9,A,14
,,,,,,,,,
2004/07/03,5,20,21,30,31,38,11,A,17
,,,,,,,,,
2004/06/30,3,10,21,23,32,36,43,C,14
,,,,,,,,,
2004/06/26,7,16,30,33,35,36,22,C,18
,,,,,,,,,
2004/06/23,2,20,23,44,45,46,40,C,20
,,,,,,,,,
2004/06/19,7,14,17,24,28,36,31,A,13
,,,,,,,,,
2004/06/16,7,8,14,22,34,39,19,C,16
,,,,,,,,,
2004/06/12,6,7,27,29,35,40,39,C,19
,,,,,,,,,
2004/06/09,21,28,29,34,36,41,8,C,10
,,,,,,,,,
2004/06/05,1,2,3,24,30,46,48,A,18
,,,,,,,,,
2004/06/02,1,12,17,24,36,44,3,A,8
,,,,,,,,,
2004/05/29,1,10,22,31,37,45,43,C,10
,,,,,,,,,
2004/05/26,7,8,9,10,12,36,17,C,16
,,,,,,,,,
2004/05/22,20,22,23,37,40,49,18,C,16
,,,,,,,,,
2004/05/19,1,22,27,33,45,48,29,A,11
,,,,,,,,,
2004/05/15,18,20,30,31,40,48,49,A,19
,,,,,,,,,
2004/05/12,19,22,24,25,31,46,47,A,10
,,,,,,,,,
2004/05/08,8,14,17,23,35,39,7,A,16
,,,,,,,,,
2004/05/05,4,13,20,31,46,48,22,A,15
,,,,,,,,,
2004/05/01,14,15,21,25,43,46,1,C,17
,,,,,,,,,
2004/04/28,25,33,38,42,47,49,43,C,18
,,,,,,,,,
2004/04/24,7,12,19,26,36,42,9,A,9
,,,,,,,,,
2004/04/21,5,9,18,20,32,44,2,C,15
,,,,,,,,,
2004/04/17,4,15,18,25,29,47,16,A,15
,,,,,,,,,
2004/04/14,13,16,20,23,25,49,43,C,15
,,,,,,,,,
2004/04/10,2,9,22,23,24,30,5,A,17
,,,,,,,,,
2004/04/07,4,9,23,33,35,49,39,C,17
,,,,,,,,,
2004/04/03,2,6,8,12,22,46,47,C,10
,,,,,,,,,
2004/03/31,1,2,10,18,43,45,42,C,10
,,,,,,,,,
2004/03/27,4,8,22,31,35,37,2,B,12
,,,,,,,,,
2004/03/24,12,18,24,33,35,41,1,C,16
,,,,,,,,,
2004/03/20,13,17,19,38,42,45,44,C,10
,,,,,,,,,
2004/03/17,1,2,14,23,31,41,33,B,15
,,,,,,,,,
2004/03/13,2,20,26,34,46,47,45,C,16
,,,,,,,,,
2004/03/10,8,9,17,25,28,47,21,B,11
,,,,,,,,,
2004/03/06,29,31,32,34,41,49,20,B,13
,,,,,,,,,
2004/03/03,2,11,26,33,35,41,34,C,15
,,,,,,,,,
2004/02/28,3,9,20,27,31,44,7,C,13
,,,,,,,,,
2004/02/25,17,32,38,39,43,49,2,B,13
,,,,,,,,,
2004/02/21,8,15,17,28,38,47,46,B,13
,,,,,,,,,
2004/02/18,2,8,30,36,43,44,29,C,17
,,,,,,,,,
2004/02/14,4,8,30,32,43,45,28,B,15
,,,,,,,,,
2004/02/11,5,7,12,26,39,42,23,B,14
,,,,,,,,,
2004/02/07,3,7,12,13,36,43,10,B,16
,,,,,,,,,
2004/02/04,13,28,32,39,40,41,12,B,18
,,,,,,,,,
2004/01/31,2,6,10,25,29,48,31,A,14
,,,,,,,,,
2004/01/28,17,23,34,45,46,48,16,B,16
,,,,,,,,,
2004/01/24,1,6,18,21,24,35,32,C,11
,,,,,,,,,
2004/01/21,5,8,13,19,36,48,1,C,18
,,,,,,,,,
2004/01/17,2,15,23,34,40,47,5,B,9
,,,,,,,,,
2004/01/14,5,16,18,30,32,41,12,C,9
,,,,,,,,,
2004/01/10,4,7,20,38,39,43,32,C,8
,,,,,,,,,
2004/01/07,7,15,16,23,30,33,27,C,8
,,,,,,,,,
2004/01/03,2,11,15,17,23,34,24,C,9
,,,,,,,,,
2003/12/31,18,25,28,33,47,49,14,C,14
,,,,,,,,,
2003/12/27,13,18,22,37,38,39,4,C,18
,,,,,,,,,
2003/12/24,6,12,14,18,21,30,47,C,12
,,,,,,,,,
2003/12/20,2,5,8,14,31,49,17,C,20
,,,,,,,,,
2003/12/17,2,4,30,34,37,39,23,C,17
,,,,,,,,,
2003/12/13,2,6,25,26,38,44,32,C,19
,,,,,,,,,
2003/12/10,8,14,38,42,45,47,12,C,20
,,,,,,,,,
2003/12/06,1,9,11,17,36,47,7,C,18
,,,,,,,,,
2003/12/03,3,12,18,22,28,44,10,C,18
,,,,,,,,,
2003/11/29,6,9,32,41,43,48,37,C,15
,,,,,,,,,
2003/11/26,2,6,7,14,21,40,47,B,17
,,,,,,,,,
2003/11/22,3,18,28,31,32,49,21,B,16
,,,,,,,,,
2003/11/19,20,23,24,27,30,46,1,B,11
,,,,,,,,,
2003/11/15,16,17,25,27,34,39,33,B,13
,,,,,,,,,
2003/11/12,1,23,29,33,41,47,42,C,16
,,,,,,,,,
2003/11/08,3,5,8,32,34,37,21,B,12
,,,,,,,,,
2003/11/05,14,21,23,31,38,46,26,C,12
,,,,,,,,,
2003/11/01,2,21,26,29,47,48,18,C,18
,,,,,,,,,
2003/10/29,6,9,23,31,38,40,35,A,13
,,,,,,,,,
2003/10/25,4,16,19,25,26,29,49,B,12
,,,,,,,,,
2003/10/22,8,18,20,35,43,49,14,A,15
,,,,,,,,,
2003/10/18,19,22,30,37,40,42,1,A,13
,,,,,,,,,
2003/10/15,1,10,15,16,17,37,44,A,10
,,,,,,,,,
2003/10/11,8,13,23,31,34,44,35,B,8
,,,,,,,,,
2003/10/08,2,9,10,30,34,38,49,A,11
,,,,,,,,,
2003/10/04,14,30,31,37,38,48,22,B,12
,,,,,,,,,
2003/10/01,2,5,24,35,36,49,16,A,8
,,,,,,,,,
2003/09/27,1,2,13,35,43,45,30,A,14
,,,,,,,,,
2003/09/24,10,23,31,34,38,41,32,B,10
,,,,,,,,,
2003/09/20,4,12,25,34,45,49,46,A,11
,,,,,,,,,
2003/09/17,10,16,19,23,24,47,34,B,14
,,,,,,,,,
2003/09/13,10,26,32,33,36,45,48,A,8
,,,,,,,,,
2003/09/10,1,14,16,22,37,41,3,B,13
,,,,,,,,,
2003/09/06,16,20,24,25,43,46,42,B,12
,,,,,,,,,
2003/09/03,3,12,14,15,47,49,19,B,14
,,,,,,,,,
2003/08/30,7,14,22,43,45,49,42,B,10
,,,,,,,,,
2003/08/27,14,19,25,37,41,49,17,A,9
,,,,,,,,,
2003/08/23,9,13,15,24,30,31,27,A,14
,,,,,,,,,
2003/08/20,6,18,23,34,36,45,33,B,13
,,,,,,,,,
2003/08/16,8,30,31,35,37,47,7,B,13
,,,,,,,,,
2003/08/13,6,8,9,22,36,48,40,A,13
,,,,,,,,,
2003/08/09,6,7,8,16,41,47,27,A,9
,,,,,,,,,
2003/08/06,4,15,21,36,37,47,14,B,13
,,,,,,,,,
2003/08/02,1,8,9,19,22,31,36,B,14
,,,,,,,,,
2003/07/30,18,29,30,33,39,44,31,B,14
,,,,,,,,,
2003/07/26,5,14,18,27,32,38,3,B,13
,,,,,,,,,
2003/07/23,3,9,10,38,45,46,30,A,14
,,,,,,,,,
2003/07/19,17,19,24,28,36,43,13,A,12
,,,,,,,,,
2003/07/16,4,5,16,24,27,44,1,A,10
,,,,,,,,,
2003/07/12,12,16,25,32,38,41,6,B,14
,,,,,,,,,
2003/07/09,3,4,10,11,31,33,23,A,12
,,,,,,,,,
2003/07/05,6,11,14,21,30,42,17,C,12
,,,,,,,,,
2003/07/02,10,12,14,24,40,44,39,C,10
,,,,,,,,,
2003/06/28,1,9,19,39,40,43,11,C,11
,,,,,,,,,
2003/06/25,8,10,22,23,41,48,38,A,10
,,,,,,,,,
2003/06/21,1,8,11,14,43,44,40,A,11
,,,,,,,,,
2003/06/18,14,26,29,32,35,36,37,A,12
,,,,,,,,,
2003/06/14,2,3,14,26,43,46,34,A,8
,,,,,,,,,
2003/06/11,3,11,12,20,40,44,49,A,11
,,,,,,,,,
2003/06/07,19,21,30,40,46,48,15,C,5
,,,,,,,,,
2003/06/04,9,10,21,25,28,46,7,C,5
,,,,,,,,,
2003/05/31,9,13,21,30,34,41,10,C,5
,,,,,,,,,
2003/05/28,14,15,19,35,38,46,9,A,5
,,,,,,,,,
2003/05/24,20,21,40,41,44,48,10,C,5
,,,,,,,,,
2003/05/21,8,12,16,21,30,43,49,A,8
,,,,,,,,,
2003/05/17,13,19,22,31,39,43,16,A,12
,,,,,,,,,
2003/05/14,1,7,9,30,45,46,20,A,12
,,,,,,,,,
2003/05/10,2,16,28,42,46,47,48,C,12
,,,,,,,,,
2003/05/07,11,15,21,22,39,40,6,A,8
,,,,,,,,,
2003/05/03,1,13,32,34,37,46,41,C,12
,,,,,,,,,
2003/04/30,8,15,21,24,30,45,25,A,5
,,,,,,,,,
2003/04/26,22,31,34,37,41,42,5,A,7
,,,,,,,,,
2003/04/23,2,6,11,29,34,44,20,A,5
,,,,,,,,,
2003/04/19,3,13,15,24,44,48,23,A,8
,,,,,,,,,
2003/04/16,10,22,28,29,40,44,15,A,7
,,,,,,,,,
2003/04/12,1,6,13,15,19,40,21,A,8
,,,,,,,,,
2003/04/09,5,14,30,36,38,42,11,C,10
,,,,,,,,,
2003/04/05,12,17,22,35,37,41,8,A,11
,,,,,,,,,
2003/04/02,6,27,31,38,44,48,2,A,9
,,,,,,,,,
2003/03/29,15,28,31,39,41,48,7,C,7
,,,,,,,,,
2003/03/26,9,12,20,22,38,44,14,C,9
,,,,,,,,,
2003/03/22,8,31,32,45,46,49,23,A,9
,,,,,,,,,
2003/03/19,2,11,17,28,29,49,21,A,8
,,,,,,,,,
2003/03/15,23,25,27,29,31,33,20,A,11
,,,,,,,,,
2003/03/12,8,16,18,30,32,48,45,A,10
,,,,,,,,,
2003/03/08,1,6,25,34,44,45,2,C,11
,,,,,,,,,
2003/03/05,8,15,24,25,29,48,36,C,10
,,,,,,,,,
2003/03/01,1,4,12,14,18,30,13,A,12
,,,,,,,,,
2003/02/26,5,32,35,43,45,48,24,C,9
,,,,,,,,,
2003/02/22,6,7,16,17,22,47,25,C,10
,,,,,,,,,
2003/02/19,16,17,27,30,36,48,13,A,10
,,,,,,,,,
2003/02/15,3,6,7,26,29,46,22,A,9
,,,,,,,,,
2003/02/12,1,6,16,23,24,49,14,A,9
,,,,,,,,,
2003/02/08,9,16,17,20,27,31,4,C,11
,,,,,,,,,
2003/02/05,6,26,33,36,41,43,47,A,8
,,,,,,,,,
2003/02/01,6,9,16,20,45,47,28,C,8
,,,,,,,,,
2003/01/29,3,6,9,16,22,35,45,A,8
,,,,,,,,,
2003/01/25,13,19,26,38,41,45,34,C,5
,,,,,,,,,
2003/01/22,1,16,21,22,41,46,39,C,5
,,,,,,,,,
2003/01/18,5,6,17,25,28,37,4,A,7
,,,,,,,,,
2003/01/15,1,18,24,35,37,41,30,C,9
,,,,,,,,,
2003/01/11,8,14,16,17,44,48,32,C,8
,,,,,,,,,
2003/01/08,7,22,24,45,46,47,20,C,12
,,,,,,,,,
2003/01/04,4,10,18,32,38,41,29,A,12
,,,,,,,,,
2003/01/01,2,7,13,34,37,41,49,A,8
,,,,,,,,,
2002/12/28,5,8,12,15,36,49,20,C,9
,,,,,,,,,
2002/12/21,2,5,13,22,27,40,19,C,5
,,,,,,,,,
2002/12/18,5,13,19,22,42,44,33,C,7
,,,,,,,,,
2002/12/14,5,7,13,14,21,39,15,C,10
,,,,,,,,,
2002/12/11,3,16,20,22,32,44,18,C,7
,,,,,,,,,
2002/12/07,2,5,7,11,17,30,14,C,11
,,,,,,,,,
2002/12/04,10,12,13,17,21,39,48,A,10
,,,,,,,,,
2002/11/30,10,12,14,28,44,45,4,B,12
,,,,,,,,,
2002/11/27,22,29,31,33,35,41,37,C,12
,,,,,,,,,
2002/11/23,20,26,28,30,45,48,41,C,10
,,,,,,,,,
2002/11/20,2,7,8,16,37,39,45,B,8
,,,,,,,,,
2002/11/16,8,20,21,23,30,40,45,B,7
,,,,,,,,,
2002/11/13,1,22,23,27,34,40,46,C,8
,,,,,,,,,
2002/11/09,3,4,13,17,26,47,28,B,12
,,,,,,,,,
2002/11/06,6,12,25,29,31,37,41,B,8
,,,,,,,,,
2002/11/02,9,12,23,26,43,48,10,C,9
,,,,,,,,,
2002/10/30,26,32,33,47,48,49,24,C,8
,,,,,,,,,
2002/10/26,4,10,15,30,32,47,48,C,11
,,,,,,,,,
2002/10/23,1,12,13,25,27,37,32,B,11
,,,,,,,,,
2002/10/19,7,11,33,42,43,44,8,C,8
,,,,,,,,,
2002/10/16,6,12,20,24,40,41,4,C,10
,,,,,,,,,
2002/10/12,3,23,25,32,39,42,48,C,5
,,,,,,,,,
2002/10/09,7,20,22,23,38,46,39,B,8
,,,,,,,,,
2002/10/05,1,20,40,46,48,49,39,B,5
,,,,,,,,,
2002/10/02,7,19,21,26,42,46,31,B,8
,,,,,,,,,
2002/09/28,3,19,24,33,42,49,23,B,9
,,,,,,,,,
2002/09/25,14,18,23,39,41,44,35,C,7
,,,,,,,,,
2002/09/21,11,18,26,28,31,48,17,C,7
,,,,,,,,,
2002/09/18,15,23,36,41,44,46,16,B,8
,,,,,,,,,
2002/09/14,10,16,29,34,35,41,48,B,10
,,,,,,,,,
2002/09/11,13,29,34,36,45,46,40,B,5
,,,,,,,,,
2002/09/07,3,7,14,19,24,40,22,C,9
,,,,,,,,,
2002/09/04,2,11,19,26,30,32,35,B,8
,,,,,,,,,
2002/08/31,8,17,19,24,34,42,27,C,5
,,,,,,,,,
2002/08/28,3,12,16,36,45,47,27,C,7
,,,,,,,,,
2002/08/24,13,18,20,30,33,37,34,B,7
,,,,,,,,,
2002/08/21,9,13,14,18,19,24,37,B,7
,,,,,,,,,
2002/08/17,6,9,10,31,37,40,7,C,7
,,,,,,,,,
2002/08/14,8,13,20,22,33,49,30,C,9
,,,,,,,,,
2002/08/10,3,6,30,31,34,49,25,B,5
,,,,,,,,,
2002/08/07,2,7,17,32,47,48,43,C,10
,,,,,,,,,
2002/08/03,6,12,16,25,42,43,44,B,9
,,,,,,,,,
2002/07/31,4,18,25,32,40,44,33,B,11
,,,,,,,,,
2002/07/27,2,5,27,44,45,46,19,B,11
,,,,,,,,,
2002/07/24,1,7,17,27,28,38,35,B,10
,,,,,,,,,
2002/07/20,14,16,20,30,37,39,43,B,7
,,,,,,,,,
2002/07/17,6,8,15,21,35,48,44,B,9
,,,,,,,,,
2002/07/13,3,10,14,28,36,44,6,B,7
,,,,,,,,,
2002/07/10,4,7,19,30,47,48,9,B,9
,,,,,,,,,
2002/07/06,4,12,24,35,43,46,20,C,9
,,,,,,,,,
2002/07/03,5,6,12,22,25,44,10,B,3
,,,,,,,,,
2002/06/29,1,4,23,35,39,48,6,B,9
,,,,,,,,,
2002/06/26,16,20,30,36,39,40,29,B,7
,,,,,,,,,
2002/06/22,2,15,16,18,38,40,43,B,10
,,,,,,,,,
2002/06/19,1,7,8,10,30,38,6,C,9
,,,,,,,,,
2002/06/15,11,17,24,35,42,43,9,C,2
,,,,,,,,,
2002/06/12,2,9,15,20,28,45,1,C,11
,,,,,,,,,
2002/06/08,3,8,14,25,26,31,28,C,11
,,,,,,,,,
2002/06/05,3,12,24,28,29,33,25,B,10
,,,,,,,,,
2002/06/01,5,23,30,36,43,46,6,C,10
,,,,,,,,,
2002/05/29,23,26,28,35,44,46,21,C,5
,,,,,,,,,
2002/05/25,6,16,24,33,35,48,11,C,8
,,,,,,,,,
2002/05/22,4,6,7,34,40,46,25,B,3
,,,,,,,,,
2002/05/18,22,29,30,31,34,40,18,C,8
,,,,,,,,,
2002/05/15,13,18,19,37,45,46,39,B,2
,,,,,,,,,
2002/05/11,1,13,26,29,37,45,22,B,1
,,,,,,,,,
2002/05/08,3,8,9,30,35,45,31,C,3
,,,,,,,,,
2002/05/04,2,3,19,27,41,46,38,C,1
,,,,,,,,,
2002/05/01,6,8,28,43,46,49,33,A,2
,,,,,,,,,
2002/04/27,14,24,30,32,41,48,9,B,1
,,,,,,,,,
2002/04/24,11,22,28,37,38,46,47,A,7
,,,,,,,,,
2002/04/20,4,18,21,23,43,48,44,B,3
,,,,,,,,,
2002/04/17,2,10,12,26,30,35,1,A,8
,,,,,,,,,
2002/04/13,6,14,15,36,38,49,21,B,3
,,,,,,,,,
2002/04/10,3,9,16,17,44,45,10,B,1
,,,,,,,,,
2002/04/06,11,20,32,33,46,48,21,A,2
,,,,,,,,,
2002/04/03,5,13,15,23,26,28,41,A,8
,,,,,,,,,
2002/03/30,9,13,14,33,43,45,8,A,7
,,,,,,,,,
2002/03/27,7,16,26,27,39,44,23,A,9
,,,,,,,,,
2002/03/23,6,18,20,31,40,43,30,B,7
,,,,,,,,,
2002/03/20,1,11,29,34,43,44,24,B,5
,,,,,,,,,
2002/03/16,1,7,18,30,44,49,16,A,1
,,,,,,,,,
2002/03/13,2,4,6,32,44,49,34,A,9
,,,,,,,,,
2002/03/09,9,15,31,33,34,42,5,B,1
,,,,,,,,,
2002/03/06,5,10,13,16,26,49,7,B,9
,,,,,,,,,
2002/03/02,4,5,7,16,19,40,39,A,5
,,,,,,,,,
2002/02/27,1,9,21,31,35,46,32,A,8
,,,,,,,,,
2002/02/23,3,9,13,24,32,48,18,B,9
,,,,,,,,,
2002/02/20,15,19,24,30,31,43,27,A,8
,,,,,,,,,
2002/02/16,2,5,11,16,28,33,18,B,3
,,,,,,,,,
2002/02/13,7,22,37,38,44,46,40,A,7
,,,,,,,,,
2002/02/09,7,11,26,34,45,46,5,A,3
,,,,,,,,,
2002/02/06,16,24,26,28,38,48,46,B,3
,,,,,,,,,
2002/02/02,16,21,28,34,45,49,17,A,5
,,,,,,,,,
2002/01/30,3,10,29,30,34,45,32,B,2
,,,,,,,,,
2002/01/26,20,21,34,38,43,49,48,B,7
,,,,,,,,,
2002/01/23,18,19,21,36,37,45,13,B,5
,,,,,,,,,
2002/01/19,23,36,42,45,46,47,18,A,1
,,,,,,,,,
2002/01/16,4,11,14,15,33,36,5,A,3
,,,,,,,,,
2002/01/12,8,14,21,24,30,33,49,B,5
,,,,,,,,,
2002/01/09,2,12,17,23,36,38,31,B,8
,,,,,,,,,
2002/01/05,17,24,27,31,34,35,16,B,8
,,,,,,,,,
2002/01/02,5,9,23,29,35,45,2,A,5
,,,,,,,,,
2001/12/29,1,12,23,30,35,48,8,A,3
,,,,,,,,,
2001/12/26,1,4,7,10,35,38,30,B,1
,,,,,,,,,
2001/12/22,11,13,15,17,24,25,19,A,2
,,,,,,,,,
2001/12/19,10,13,19,30,32,42,6,B,8
,,,,,,,,,
2001/12/15,2,9,14,29,30,40,8,B,3
,,,,,,,,,
2001/12/12,9,10,28,33,37,40,30,B,5
,,,,,,,,,
2001/12/08,1,6,8,27,31,47,16,A,5
,,,,,,,,,
2001/12/05,15,19,21,32,42,46,36,A,1
,,,,,,,,,
2001/12/01,13,17,30,38,47,49,42,A,7
,,,,,,,,,
2001/11/28,6,18,21,31,36,45,9,A,2
,,,,,,,,,
2001/11/24,12,15,24,30,36,44,4,A,2
,,,,,,,,,
2001/11/21,8,11,20,27,42,46,5,A,8
,,,,,,,,,
2001/11/17,6,11,22,28,29,34,10,C,2
,,,,,,,,,
2001/11/14,6,10,27,29,35,49,13,C,2
,,,,,,,,,
2001/11/10,4,10,14,18,26,34,45,A,3
,,,,,,,,,
2001/11/07,2,8,14,34,41,49,10,A,9
,,,,,,,,,
2001/11/03,19,20,25,29,35,43,37,A,8
,,,,,,,,,
2001/10/31,3,4,5,7,11,14,37,A,5
,,,,,,,,,
2001/10/27,1,11,22,26,32,42,19,C,1
,,,,,,,,,
2001/10/24,18,23,24,27,28,40,16,C,2
,,,,,,,,,
2001/10/20,4,10,26,28,29,45,46,A,9
,,,,,,,,,
2001/10/17,16,22,26,35,38,43,49,A,1
,,,,,,,,,
2001/10/13,4,5,11,18,31,41,48,C,3
,,,,,,,,,
2001/10/10,15,16,31,32,36,41,3,C,5
,,,,,,,,,
2001/10/06,7,12,14,27,44,46,32,C,3
,,,,,,,,,
2001/10/03,7,22,24,26,33,43,44,C,9
,,,,,,,,,
2001/09/29,4,7,11,19,33,39,32,C,8
,,,,,,,,,
2001/09/22,15,16,20,28,44,46,10,C,3
,,,,,,,,,
2001/09/15,1,4,7,16,37,38,19,C,9
,,,,,,,,,
2001/09/08,3,8,19,26,27,34,47,A,2
,,,,,,,,,
2001/09/01,25,26,27,29,40,45,48,A,2
,,,,,,,,,
2001/08/25,1,4,15,30,46,49,48,C,1
,,,,,,,,,
2001/08/18,4,15,25,35,40,48,2,A,2
,,,,,,,,,
2001/08/11,3,14,24,26,42,46,45,C,8
,,,,,,,,,
2001/08/04,1,2,3,5,20,28,24,A,3
,,,,,,,,,
2001/07/28,11,23,34,41,44,45,10,A,3
,,,,,,,,,
2001/07/21,9,10,14,17,20,48,27,C,2
,,,,,,,,,
2001/07/14,1,2,24,40,43,49,45,C,8
,,,,,,,,,
2001/07/07,6,8,13,33,35,38,37,C,3
,,,,,,,,,
2001/06/30,1,2,16,26,46,49,40,A,7
,,,,,,,,,
2001/06/23,4,12,24,31,40,42,28,A,1
,,,,,,,,,
2001/06/16,2,7,8,19,27,43,25,C,2
,,,,,,,,,
2001/06/09,3,8,16,18,20,44,46,C,5
,,,,,,,,,
2001/06/02,2,3,10,16,25,46,45,A,3
,,,,,,,,,
2001/05/26,15,17,30,36,41,49,26,A,2
,,,,,,,,,
2001/05/19,8,10,13,16,27,30,35,B,8
,,,,,,,,,
2001/05/12,13,19,24,38,39,45,7,B,9
,,,,,,,,,
2001/05/05,12,29,30,39,44,46,14,B,7
,,,,,,,,,
2001/04/28,15,19,20,26,29,37,7,B,1
,,,,,,,,,
2001/04/21,11,13,23,36,47,49,29,B,9
,,,,,,,,,
2001/04/14,2,23,28,29,30,39,45,A,3
,,,,,,,,,
2001/04/07,11,27,32,35,41,44,19,B,1
,,,,,,,,,
2001/03/31,3,10,13,18,30,41,22,A,8
,,,,,,,,,
2001/03/24,3,5,9,18,33,36,15,A,2
,,,,,,,,,
2001/03/17,14,16,17,29,40,42,34,B,5
,,,,,,,,,
2001/03/10,14,20,26,41,47,49,12,A,7
,,,,,,,,,
2001/03/03,15,23,27,40,43,48,44,A,3
,,,,,,,,,
2001/02/24,13,18,24,26,35,40,32,B,2
,,,,,,,,,
2001/02/17,14,17,18,20,30,41,35,A,1
,,,,,,,,,
2001/02/10,4,7,10,20,21,47,29,B,7
,,,,,,,,,
2001/02/03,3,5,14,29,36,47,48,A,2
,,,,,,,,,
2001/01/27,7,11,20,22,27,45,48,B,1
,,,,,,,,,
2001/01/20,8,16,32,39,40,47,49,B,7
,,,,,,,,,
2001/01/13,9,13,28,29,34,35,10,B,5
,,,,,,,,,
2001/01/06,6,8,20,24,30,44,26,A,3
,,,,,,,,,
2000/12/30,4,25,36,39,43,49,15,B,2
,,,,,,,,,
2000/12/23,16,25,32,35,42,47,49,B,1
,,,,,,,,,
2000/12/16,1,4,18,19,28,44,47,A,5
,,,,,,,,,
2000/12/09,2,11,23,24,41,46,18,B,7
,,,,,,,,,
2000/12/02,10,14,15,20,46,47,21,A,1
,,,,,,,,,
2000/11/25,10,14,20,21,28,30,5,A,3
,,,,,,,,,
2000/11/18,14,15,35,44,47,48,5,B,3
,,,,,,,,,
2000/11/11,1,3,5,26,29,33,38,A,5
,,,,,,,,,
2000/11/04,7,12,13,25,28,46,14,A,7
,,,,,,,,,
2000/10/28,4,10,18,20,46,48,15,A,4
,,,,,,,,,
2000/10/21,1,7,19,32,34,37,25,A,5
,,,,,,,,,
2000/10/14,11,23,29,40,45,47,27,B,4
,,,,,,,,,
2000/10/07,2,4,9,11,28,49,3,B,5
,,,,,,,,,
2000/09/30,4,11,19,21,29,33,2,A,4
,,,,,,,,,
2000/09/23,3,22,28,30,39,40,17,A,5
,,,,,,,,,
2000/09/16,8,9,22,27,32,33,34,B,2
,,,,,,,,,
2000/09/09,12,22,26,31,45,46,4,B,4
,,,,,,,,,
2000/09/02,3,5,7,9,18,30,48,B,2
,,,,,,,,,
2000/08/26,4,7,9,24,33,47,44,A,5
,,,,,,,,,
2000/08/19,1,11,18,22,25,28,33,B,1
,,,,,,,,,
2000/08/12,14,16,27,34,37,48,8,B,3
,,,,,,,,,
2000/08/05,6,16,22,30,46,47,29,B,5
,,,,,,,,,
2000/07/29,17,21,28,42,47,49,16,A,4
,,,,,,,,,
2000/07/22,9,10,27,40,47,48,7,B,1
,,,,,,,,,
2000/07/15,13,16,19,20,27,43,12,B,5
,,,,,,,,,
2000/07/08,5,14,22,26,32,45,43,C,1
,,,,,,,,,
2000/07/01,7,12,16,28,35,41,30,C,3
,,,,,,,,,
2000/06/24,1,7,8,26,27,33,23,A,1
,,,,,,,,,
2000/06/17,10,11,40,44,47,48,19,A,2
,,,,,,,,,
2000/06/10,1,6,24,25,45,47,3,A,2
,,,,,,,,,
2000/06/03,3,8,11,33,43,49,15,B,4
,,,,,,,,,
2000/05/27,12,16,19,27,34,38,8,B,1
,,,,,,,,,
2000/05/20,6,8,16,18,22,47,44,B,1
,,,,,,,,,
2000/05/13,9,10,15,18,35,36,40,A,5
,,,,,,,,,
2000/05/06,2,19,40,41,44,47,38,A,4
,,,,,,,,,
2000/04/29,7,16,25,30,35,39,3,A,2
,,,,,,,,,
2000/04/22,14,17,18,24,39,42,8,A,4
,,,,,,,,,
2000/04/15,7,11,19,23,40,49,27,A,3
,,,,,,,,,
2000/04/08,4,5,13,17,22,38,11,B,2
,,,,,,,,,
2000/04/01,1,5,11,22,40,42,43,A,5
,,,,,,,,,
2000/03/25,3,11,13,18,44,45,19,B,3
,,,,,,,,,
2000/03/18,1,7,32,35,46,47,36,A,4
,,,,,,,,,
2000/03/11,3,12,21,29,38,48,11,B,2
